-- phpMyAdmin SQL Dump
-- version 4.6.6deb5
-- https://www.phpmyadmin.net/
--
-- Host: localhost:3306
-- Generation Time: Dec 06, 2019 at 02:28 PM
-- Server version: 5.7.26-0ubuntu0.18.04.1
-- PHP Version: 7.2.19-0ubuntu0.18.04.1

SET SQL_MODE = "NO_AUTO_VALUE_ON_ZERO";
SET time_zone = "+00:00";


/*!40101 SET @OLD_CHARACTER_SET_CLIENT=@@CHARACTER_SET_CLIENT */;
/*!40101 SET @OLD_CHARACTER_SET_RESULTS=@@CHARACTER_SET_RESULTS */;
/*!40101 SET @OLD_COLLATION_CONNECTION=@@COLLATION_CONNECTION */;
/*!40101 SET NAMES utf8mb4 */;

--
-- Database: `cananghai`
--

-- --------------------------------------------------------

--
-- Table structure for table `commodity`
--

CREATE TABLE `commodity` (
  `id` int(10) UNSIGNED NOT NULL,
  `created_at` timestamp NULL DEFAULT NULL,
  `updated_at` timestamp NULL DEFAULT NULL
) ENGINE=InnoDB DEFAULT CHARSET=utf8mb4 COLLATE=utf8mb4_unicode_ci ROW_FORMAT=DYNAMIC;

-- --------------------------------------------------------

--
-- Table structure for table `commodityparcel`
--

CREATE TABLE `commodityparcel` (
  `id` bigint(20) UNSIGNED NOT NULL,
  `sourceparticipanttype` varchar(150) COLLATE utf8mb4_unicode_ci DEFAULT NULL,
  `sourceparticipantid` char(100) COLLATE utf8mb4_unicode_ci DEFAULT NULL,
  `destinationparticipanttype` varchar(150) COLLATE utf8mb4_unicode_ci DEFAULT NULL,
  `destinationparticipantid` char(100) COLLATE utf8mb4_unicode_ci DEFAULT NULL,
  `commodityparcelstatus_id` tinyint(3) UNSIGNED DEFAULT '2' COMMENT '1: đang chuyển; 2: đã chuyển',
  `created_at` timestamp NULL DEFAULT NULL,
  `updated_at` timestamp NULL DEFAULT NULL
) ENGINE=InnoDB DEFAULT CHARSET=utf8mb4 COLLATE=utf8mb4_unicode_ci ROW_FORMAT=DYNAMIC;

--
-- Dumping data for table `commodityparcel`
--

INSERT INTO `commodityparcel` (`id`, `sourceparticipanttype`, `sourceparticipantid`, `destinationparticipanttype`, `destinationparticipantid`, `commodityparcelstatus_id`, `created_at`, `updated_at`) VALUES
(30, 'Distributor', '300083957', 'Retailer', '700127684', 3, '2019-01-23 20:08:57', '2019-01-23 20:09:45'),
(31, 'Distributor', '300083957', 'Retailer', '700127684', 2, '2019-01-23 20:15:12', '2019-01-23 20:15:12'),
(32, 'Distributor', '300083957', 'Retailer', '700807569', 3, '2019-05-16 01:32:07', '2019-05-16 06:58:16'),
(33, 'Distributor', '300083957', 'Retailer', '700807569', 3, '2019-05-16 01:57:04', '2019-05-16 06:58:21'),
(34, 'Distributor', '300083957', 'Retailer', '700807569', 3, '2019-06-27 10:39:29', '2019-06-27 10:41:52'),
(35, 'Distributor', '300083957', 'Retailer', '700127684', 3, '2019-10-17 03:55:10', '2019-10-17 03:57:17');

-- --------------------------------------------------------

--
-- Table structure for table `commodityparceldetail`
--

CREATE TABLE `commodityparceldetail` (
  `id` bigint(20) UNSIGNED NOT NULL,
  `commodityparcel_id` bigint(20) UNSIGNED DEFAULT NULL,
  `tradingsymbol` char(100) COLLATE utf8mb4_unicode_ci DEFAULT '2',
  `commodityparcelstatus_id` tinyint(3) UNSIGNED DEFAULT NULL,
  `created_at` timestamp NULL DEFAULT NULL,
  `updated_at` timestamp NULL DEFAULT NULL
) ENGINE=InnoDB DEFAULT CHARSET=utf8mb4 COLLATE=utf8mb4_unicode_ci ROW_FORMAT=DYNAMIC;

--
-- Dumping data for table `commodityparceldetail`
--

INSERT INTO `commodityparceldetail` (`id`, `commodityparcel_id`, `tradingsymbol`, `commodityparcelstatus_id`, `created_at`, `updated_at`) VALUES
(29, 30, '000064325', 3, '2019-01-23 20:08:57', '2019-01-23 20:09:45'),
(30, 31, '000063907', 2, '2019-01-23 20:15:12', '2019-01-23 20:15:12'),
(31, 32, '000060743', 3, '2019-05-16 01:32:07', '2019-05-16 06:58:15'),
(32, 32, '000064387', 3, '2019-05-16 01:32:10', '2019-05-16 06:58:15'),
(33, 32, '000061645', 3, '2019-05-16 01:32:12', '2019-05-16 06:58:15'),
(34, 32, '000064875', 3, '2019-05-16 01:32:14', '2019-05-16 06:58:15'),
(35, 32, '000064325', 3, '2019-05-16 01:32:17', '2019-05-16 06:58:15'),
(36, 32, '000065183', 3, '2019-05-16 01:32:19', '2019-05-16 06:58:15'),
(37, 32, '000060596', 3, '2019-05-16 01:32:22', '2019-05-16 06:58:15'),
(38, 32, '000065178', 3, '2019-05-16 01:32:24', '2019-05-16 06:58:15'),
(39, 32, '000061032', 3, '2019-05-16 01:32:26', '2019-05-16 06:58:15'),
(40, 32, '000067120', 3, '2019-05-16 01:32:29', '2019-05-16 06:58:15'),
(41, 32, '000062508', 3, '2019-05-16 01:32:41', '2019-05-16 06:58:15'),
(42, 32, '000066382', 3, '2019-05-16 01:32:43', '2019-05-16 06:58:15'),
(43, 32, '000065478', 3, '2019-05-16 01:32:46', '2019-05-16 06:58:15'),
(44, 32, '000061247', 3, '2019-05-16 01:32:48', '2019-05-16 06:58:15'),
(45, 32, '000065916', 3, '2019-05-16 01:32:50', '2019-05-16 06:58:15'),
(46, 32, '000069372', 3, '2019-05-16 01:32:52', '2019-05-16 06:58:15'),
(47, 32, '000067149', 3, '2019-05-16 01:32:55', '2019-05-16 06:58:15'),
(48, 32, '000069031', 3, '2019-05-16 01:32:57', '2019-05-16 06:58:15'),
(49, 32, '000062076', 3, '2019-05-16 01:33:00', '2019-05-16 06:58:15'),
(50, 32, '000067462', 3, '2019-05-16 01:33:02', '2019-05-16 06:58:15'),
(51, 32, '000062103', 3, '2019-05-16 01:33:04', '2019-05-16 06:58:15'),
(52, 32, '000063904', 3, '2019-05-16 01:33:07', '2019-05-16 06:58:15'),
(53, 32, '000064791', 3, '2019-05-16 01:33:09', '2019-05-16 06:58:15'),
(54, 32, '000065371', 3, '2019-05-16 01:33:11', '2019-05-16 06:58:15'),
(55, 32, '000066179', 3, '2019-05-16 01:33:14', '2019-05-16 06:58:15'),
(56, 32, '000067318', 3, '2019-05-16 01:33:16', '2019-05-16 06:58:15'),
(57, 32, '000067860', 3, '2019-05-16 01:33:18', '2019-05-16 06:58:15'),
(58, 32, '000067692', 3, '2019-05-16 01:33:21', '2019-05-16 06:58:15'),
(59, 32, '000068493', 3, '2019-05-16 01:33:23', '2019-05-16 06:58:15'),
(60, 32, '000065647', 3, '2019-05-16 01:33:25', '2019-05-16 06:58:15'),
(61, 32, '000065860', 3, '2019-05-16 01:33:28', '2019-05-16 06:58:15'),
(62, 32, '000063781', 3, '2019-05-16 01:33:30', '2019-05-16 06:58:15'),
(63, 32, '000063645', 3, '2019-05-16 01:33:32', '2019-05-16 06:58:15'),
(64, 32, '000061859', 3, '2019-05-16 01:33:35', '2019-05-16 06:58:15'),
(65, 32, '000069453', 3, '2019-05-16 01:33:37', '2019-05-16 06:58:15'),
(66, 32, '000064186', 3, '2019-05-16 01:33:40', '2019-05-16 06:58:15'),
(67, 32, '000064930', 3, '2019-05-16 01:33:42', '2019-05-16 06:58:15'),
(68, 32, '000063179', 3, '2019-05-16 01:33:44', '2019-05-16 06:58:15'),
(69, 32, '000068673', 3, '2019-05-16 01:33:47', '2019-05-16 06:58:15'),
(70, 32, '000066354', 3, '2019-05-16 01:33:49', '2019-05-16 06:58:15'),
(71, 32, '000061043', 3, '2019-05-16 01:33:51', '2019-05-16 06:58:15'),
(72, 32, '000062463', 3, '2019-05-16 01:33:54', '2019-05-16 06:58:15'),
(73, 32, '000061605', 3, '2019-05-16 01:33:56', '2019-05-16 06:58:15'),
(74, 32, '000066904', 3, '2019-05-16 01:33:58', '2019-05-16 06:58:15'),
(75, 32, '000066205', 3, '2019-05-16 01:34:01', '2019-05-16 06:58:15'),
(76, 32, '000067534', 3, '2019-05-16 01:34:03', '2019-05-16 06:58:15'),
(77, 32, '000062896', 3, '2019-05-16 01:34:05', '2019-05-16 06:58:15'),
(78, 32, '000064826', 3, '2019-05-16 01:34:08', '2019-05-16 06:58:15'),
(79, 32, '000067624', 3, '2019-05-16 01:34:10', '2019-05-16 06:58:15'),
(80, 32, '000061037', 3, '2019-05-16 01:34:12', '2019-05-16 06:58:15'),
(81, 32, '000063589', 3, '2019-05-16 01:34:15', '2019-05-16 06:58:15'),
(82, 32, '000064905', 3, '2019-05-16 01:34:17', '2019-05-16 06:58:15'),
(83, 32, '000066123', 3, '2019-05-16 01:34:19', '2019-05-16 06:58:15'),
(84, 32, '000063108', 3, '2019-05-16 01:34:22', '2019-05-16 06:58:15'),
(85, 32, '000066701', 3, '2019-05-16 01:34:24', '2019-05-16 06:58:15'),
(86, 32, '000065960', 3, '2019-05-16 01:34:26', '2019-05-16 06:58:15'),
(87, 32, '000065428', 3, '2019-05-16 01:34:29', '2019-05-16 06:58:15'),
(88, 32, '000066180', 3, '2019-05-16 01:34:31', '2019-05-16 06:58:15'),
(89, 32, '000067264', 3, '2019-05-16 01:34:33', '2019-05-16 06:58:15'),
(90, 32, '000062401', 3, '2019-05-16 01:34:36', '2019-05-16 06:58:15'),
(91, 32, '000068716', 3, '2019-05-16 01:34:38', '2019-05-16 06:58:15'),
(92, 32, '000069230', 3, '2019-05-16 01:34:40', '2019-05-16 06:58:15'),
(93, 32, '000066350', 3, '2019-05-16 01:34:43', '2019-05-16 06:58:16'),
(94, 32, '000061250', 3, '2019-05-16 01:34:45', '2019-05-16 06:58:16'),
(95, 32, '000060795', 3, '2019-05-16 01:34:48', '2019-05-16 06:58:16'),
(96, 32, '000061309', 3, '2019-05-16 01:34:50', '2019-05-16 06:58:16'),
(97, 32, '000069842', 3, '2019-05-16 01:34:52', '2019-05-16 06:58:16'),
(98, 32, '000067936', 3, '2019-05-16 01:34:55', '2019-05-16 06:58:16'),
(99, 32, '000064162', 3, '2019-05-16 01:34:57', '2019-05-16 06:58:16'),
(100, 32, '000068975', 3, '2019-05-16 01:34:59', '2019-05-16 06:58:16'),
(101, 32, '000066347', 3, '2019-05-16 01:35:02', '2019-05-16 06:58:16'),
(102, 32, '000066802', 3, '2019-05-16 01:35:04', '2019-05-16 06:58:16'),
(103, 32, '000061467', 3, '2019-05-16 01:35:06', '2019-05-16 06:58:16'),
(104, 32, '000065872', 3, '2019-05-16 01:35:09', '2019-05-16 06:58:16'),
(105, 32, '000066328', 3, '2019-05-16 01:35:11', '2019-05-16 06:58:16'),
(106, 32, '000069450', 3, '2019-05-16 01:35:13', '2019-05-16 06:58:16'),
(107, 32, '000062480', 3, '2019-05-16 01:35:16', '2019-05-16 06:58:16'),
(108, 32, '000068234', 3, '2019-05-16 01:35:18', '2019-05-16 06:58:16'),
(109, 32, '000061369', 3, '2019-05-16 01:35:20', '2019-05-16 06:58:16'),
(110, 32, '000064083', 3, '2019-05-16 01:35:23', '2019-05-16 06:58:16'),
(111, 32, '000066519', 3, '2019-05-16 01:35:25', '2019-05-16 06:58:16'),
(112, 32, '000069186', 3, '2019-05-16 01:35:27', '2019-05-16 06:58:16'),
(113, 32, '000067642', 3, '2019-05-16 01:35:30', '2019-05-16 06:58:16'),
(114, 32, '000064685', 3, '2019-05-16 01:35:32', '2019-05-16 06:58:16'),
(115, 32, '000064120', 3, '2019-05-16 01:35:34', '2019-05-16 06:58:16'),
(116, 32, '000066790', 3, '2019-05-16 01:35:37', '2019-05-16 06:58:16'),
(117, 32, '000063641', 3, '2019-05-16 01:35:39', '2019-05-16 06:58:16'),
(118, 32, '000061256', 3, '2019-05-16 01:35:41', '2019-05-16 06:58:16'),
(119, 32, '000066742', 3, '2019-05-16 01:35:44', '2019-05-16 06:58:16'),
(120, 32, '000062785', 3, '2019-05-16 01:35:46', '2019-05-16 06:58:16'),
(121, 32, '000068617', 3, '2019-05-16 01:35:48', '2019-05-16 06:58:16'),
(122, 32, '000065821', 3, '2019-05-16 01:35:51', '2019-05-16 06:58:16'),
(123, 32, '000061695', 3, '2019-05-16 01:35:53', '2019-05-16 06:58:16'),
(124, 32, '000068153', 3, '2019-05-16 01:35:55', '2019-05-16 06:58:16'),
(125, 32, '000066073', 3, '2019-05-16 01:35:58', '2019-05-16 06:58:16'),
(126, 32, '000069204', 3, '2019-05-16 01:36:00', '2019-05-16 06:58:16'),
(127, 32, '000066017', 3, '2019-05-16 01:36:02', '2019-05-16 06:58:16'),
(128, 32, '000065849', 3, '2019-05-16 01:36:05', '2019-05-16 06:58:16'),
(129, 32, '000063569', 3, '2019-05-16 01:36:07', '2019-05-16 06:58:16'),
(130, 32, '000062160', 3, '2019-05-16 01:36:09', '2019-05-16 06:58:16'),
(131, 32, '000062830', 3, '2019-05-16 01:36:12', '2019-05-16 06:58:16'),
(132, 32, '000067632', 3, '2019-05-16 01:36:14', '2019-05-16 06:58:16'),
(133, 32, '000061623', 3, '2019-05-16 01:36:16', '2019-05-16 06:58:16'),
(134, 32, '000062094', 3, '2019-05-16 01:36:19', '2019-05-16 06:58:16'),
(135, 32, '000069724', 3, '2019-05-16 01:36:21', '2019-05-16 06:58:16'),
(136, 32, '000062685', 3, '2019-05-16 01:36:23', '2019-05-16 06:58:16'),
(137, 32, '000068429', 3, '2019-05-16 01:36:26', '2019-05-16 06:58:16'),
(138, 32, '000062386', 3, '2019-05-16 01:36:28', '2019-05-16 06:58:16'),
(139, 32, '000062530', 3, '2019-05-16 01:36:30', '2019-05-16 06:58:16'),
(140, 32, '000063150', 3, '2019-05-16 01:36:33', '2019-05-16 06:58:16'),
(141, 32, '000069063', 3, '2019-05-16 01:36:35', '2019-05-16 06:58:16'),
(142, 32, '000063518', 3, '2019-05-16 01:36:37', '2019-05-16 06:58:16'),
(143, 32, '000063180', 3, '2019-05-16 01:36:40', '2019-05-16 06:58:16'),
(144, 32, '000067523', 3, '2019-05-16 01:36:42', '2019-05-16 06:58:16'),
(145, 32, '000067659', 3, '2019-05-16 01:36:44', '2019-05-16 06:58:16'),
(146, 32, '000065230', 3, '2019-05-16 01:36:47', '2019-05-16 06:58:16'),
(147, 32, '000063567', 3, '2019-05-16 01:36:49', '2019-05-16 06:58:16'),
(148, 33, '000064681', 3, '2019-05-16 01:57:04', '2019-05-16 06:58:21'),
(149, 33, '000061362', 3, '2019-05-16 01:57:07', '2019-05-16 06:58:21'),
(150, 33, '000063069', 3, '2019-05-16 01:57:09', '2019-05-16 06:58:21'),
(151, 33, '000066341', 3, '2019-05-16 01:57:11', '2019-05-16 06:58:21'),
(152, 33, '000068740', 3, '2019-05-16 01:57:14', '2019-05-16 06:58:21'),
(153, 33, '000060954', 3, '2019-05-16 01:57:16', '2019-05-16 06:58:21'),
(154, 33, '000069015', 3, '2019-05-16 01:57:18', '2019-05-16 06:58:21'),
(155, 33, '000061375', 3, '2019-05-16 01:57:21', '2019-05-16 06:58:21'),
(156, 33, '000060468', 3, '2019-05-16 01:57:23', '2019-05-16 06:58:21'),
(157, 33, '000065924', 3, '2019-05-16 01:57:25', '2019-05-16 06:58:21'),
(158, 33, '000069806', 3, '2019-05-16 01:57:28', '2019-05-16 06:58:21'),
(159, 33, '000067508', 3, '2019-05-16 01:57:30', '2019-05-16 06:58:21'),
(160, 33, '000063482', 3, '2019-05-16 01:57:32', '2019-05-16 06:58:21'),
(161, 33, '000064579', 3, '2019-05-16 01:57:35', '2019-05-16 06:58:21'),
(162, 33, '000061397', 3, '2019-05-16 01:57:37', '2019-05-16 06:58:21'),
(163, 33, '000066801', 3, '2019-05-16 01:57:39', '2019-05-16 06:58:21'),
(164, 33, '000060271', 3, '2019-05-16 01:57:42', '2019-05-16 06:58:21'),
(165, 33, '000060473', 3, '2019-05-16 01:57:44', '2019-05-16 06:58:21'),
(166, 33, '000065907', 3, '2019-05-16 01:57:46', '2019-05-16 06:58:21'),
(167, 33, '000069437', 3, '2019-05-16 01:57:49', '2019-05-16 06:58:21'),
(168, 33, '000062793', 3, '2019-05-16 01:57:51', '2019-05-16 06:58:21'),
(169, 33, '000062093', 3, '2019-05-16 01:57:53', '2019-05-16 06:58:21'),
(170, 33, '000063572', 3, '2019-05-16 01:57:56', '2019-05-16 06:58:21'),
(171, 33, '000069125', 3, '2019-05-16 01:57:58', '2019-05-16 06:58:21'),
(172, 33, '000060879', 3, '2019-05-16 01:58:00', '2019-05-16 06:58:21'),
(173, 33, '000069852', 3, '2019-05-16 01:58:03', '2019-05-16 06:58:21'),
(174, 33, '000063186', 3, '2019-05-16 01:58:05', '2019-05-16 06:58:21'),
(175, 33, '000064028', 3, '2019-05-16 01:58:07', '2019-05-16 06:58:21'),
(176, 33, '000066120', 3, '2019-05-16 01:58:10', '2019-05-16 06:58:21'),
(177, 33, '000069502', 3, '2019-05-16 01:58:12', '2019-05-16 06:58:21'),
(178, 33, '000063672', 3, '2019-05-16 01:58:14', '2019-05-16 06:58:21'),
(179, 33, '000068692', 3, '2019-05-16 01:58:17', '2019-05-16 06:58:21'),
(180, 33, '000060653', 3, '2019-05-16 01:58:19', '2019-05-16 06:58:21'),
(181, 33, '000060564', 3, '2019-05-16 01:58:21', '2019-05-16 06:58:21'),
(182, 33, '000064501', 3, '2019-05-16 01:58:24', '2019-05-16 06:58:21'),
(183, 33, '000064758', 3, '2019-05-16 01:58:26', '2019-05-16 06:58:21'),
(184, 33, '000061826', 3, '2019-05-16 01:58:28', '2019-05-16 06:58:21'),
(185, 33, '000061846', 3, '2019-05-16 01:58:30', '2019-05-16 06:58:21'),
(186, 33, '000067250', 3, '2019-05-16 01:58:33', '2019-05-16 06:58:21'),
(187, 33, '000060768', 3, '2019-05-16 01:58:35', '2019-05-16 06:58:21'),
(188, 33, '000061402', 3, '2019-05-16 01:58:38', '2019-05-16 06:58:21'),
(189, 33, '000066475', 3, '2019-05-16 01:58:40', '2019-05-16 06:58:21'),
(190, 33, '000068549', 3, '2019-05-16 01:58:42', '2019-05-16 06:58:21'),
(191, 33, '000062571', 3, '2019-05-16 01:58:45', '2019-05-16 06:58:21'),
(192, 33, '000067634', 3, '2019-05-16 01:58:47', '2019-05-16 06:58:21'),
(193, 33, '000067291', 3, '2019-05-16 01:58:49', '2019-05-16 06:58:21'),
(194, 33, '000060976', 3, '2019-05-16 01:58:52', '2019-05-16 06:58:21'),
(195, 33, '000067064', 3, '2019-05-16 01:58:54', '2019-05-16 06:58:21'),
(196, 33, '000069604', 3, '2019-05-16 01:58:56', '2019-05-16 06:58:21'),
(197, 33, '000066715', 3, '2019-05-16 01:58:59', '2019-05-16 06:58:21'),
(198, 33, '000069851', 3, '2019-05-16 01:59:01', '2019-05-16 06:58:21'),
(199, 33, '000061946', 3, '2019-05-16 01:59:03', '2019-05-16 06:58:21'),
(200, 33, '000064071', 3, '2019-05-16 01:59:06', '2019-05-16 06:58:21'),
(201, 33, '000065172', 3, '2019-05-16 01:59:08', '2019-05-16 06:58:21'),
(202, 33, '000062348', 3, '2019-05-16 01:59:10', '2019-05-16 06:58:21'),
(203, 33, '000068629', 3, '2019-05-16 01:59:13', '2019-05-16 06:58:21'),
(204, 33, '000068123', 3, '2019-05-16 01:59:15', '2019-05-16 06:58:21'),
(205, 33, '000063960', 3, '2019-05-16 01:59:17', '2019-05-16 06:58:21'),
(206, 33, '000064827', 3, '2019-05-16 01:59:20', '2019-05-16 06:58:21'),
(207, 33, '000060674', 3, '2019-05-16 01:59:22', '2019-05-16 06:58:21'),
(208, 33, '000061985', 3, '2019-05-16 01:59:24', '2019-05-16 06:58:21'),
(209, 33, '000062958', 3, '2019-05-16 01:59:27', '2019-05-16 06:58:21'),
(210, 33, '000060815', 3, '2019-05-16 01:59:29', '2019-05-16 06:58:21'),
(211, 33, '000065829', 3, '2019-05-16 01:59:31', '2019-05-16 06:58:21'),
(212, 33, '000063417', 3, '2019-05-16 01:59:33', '2019-05-16 06:58:21'),
(213, 33, '000061785', 3, '2019-05-16 01:59:36', '2019-05-16 06:58:21'),
(214, 33, '000068135', 3, '2019-05-16 01:59:38', '2019-05-16 06:58:21'),
(215, 33, '000063962', 3, '2019-05-16 01:59:40', '2019-05-16 06:58:21'),
(216, 33, '000067528', 3, '2019-05-16 01:59:43', '2019-05-16 06:58:21'),
(217, 33, '000063917', 3, '2019-05-16 01:59:45', '2019-05-16 06:58:21'),
(218, 33, '000068516', 3, '2019-05-16 01:59:47', '2019-05-16 06:58:21'),
(219, 33, '000065386', 3, '2019-05-16 01:59:50', '2019-05-16 06:58:21'),
(220, 33, '000063612', 3, '2019-05-16 01:59:52', '2019-05-16 06:58:21'),
(221, 33, '000067432', 3, '2019-05-16 01:59:54', '2019-05-16 06:58:21'),
(222, 33, '000063420', 3, '2019-05-16 01:59:57', '2019-05-16 06:58:21'),
(223, 33, '000063481', 3, '2019-05-16 01:59:59', '2019-05-16 06:58:21'),
(224, 33, '000060945', 3, '2019-05-16 02:00:01', '2019-05-16 06:58:21'),
(225, 33, '000069746', 3, '2019-05-16 02:00:04', '2019-05-16 06:58:21'),
(226, 33, '000062197', 3, '2019-05-16 02:00:06', '2019-05-16 06:58:21'),
(227, 33, '000069021', 3, '2019-05-16 02:00:08', '2019-05-16 06:58:21'),
(228, 33, '000066197', 3, '2019-05-16 02:00:11', '2019-05-16 06:58:21'),
(229, 33, '000066975', 3, '2019-05-16 02:00:13', '2019-05-16 06:58:21'),
(230, 33, '000062693', 3, '2019-05-16 02:00:15', '2019-05-16 06:58:21'),
(231, 33, '000064678', 3, '2019-05-16 02:00:18', '2019-05-16 06:58:21'),
(232, 33, '000067218', 3, '2019-05-16 02:00:20', '2019-05-16 06:58:21'),
(233, 33, '000061087', 3, '2019-05-16 02:00:22', '2019-05-16 06:58:21'),
(234, 33, '000069160', 3, '2019-05-16 02:00:25', '2019-05-16 06:58:21'),
(235, 33, '000062470', 3, '2019-05-16 02:00:27', '2019-05-16 06:58:21'),
(236, 33, '000067425', 3, '2019-05-16 02:00:29', '2019-05-16 06:58:21'),
(237, 33, '000068042', 3, '2019-05-16 02:00:32', '2019-05-16 06:58:21'),
(238, 33, '000066520', 3, '2019-05-16 02:00:34', '2019-05-16 06:58:21'),
(239, 33, '000068736', 3, '2019-05-16 02:00:36', '2019-05-16 06:58:21'),
(240, 33, '000060158', 3, '2019-05-16 02:00:39', '2019-05-16 06:58:21'),
(241, 33, '000068371', 3, '2019-05-16 02:00:41', '2019-05-16 06:58:21'),
(242, 33, '000063028', 3, '2019-05-16 02:00:43', '2019-05-16 06:58:21'),
(243, 33, '000063209', 3, '2019-05-16 02:00:46', '2019-05-16 06:58:21'),
(244, 33, '000063548', 3, '2019-05-16 02:00:48', '2019-05-16 06:58:21'),
(245, 33, '000062173', 3, '2019-05-16 02:00:50', '2019-05-16 06:58:21'),
(246, 33, '000069034', 3, '2019-05-16 02:00:53', '2019-05-16 06:58:21'),
(247, 33, '000061836', 3, '2019-05-16 02:00:55', '2019-05-16 06:58:21'),
(248, 33, '000067921', 3, '2019-05-16 02:00:57', '2019-05-16 06:58:21'),
(249, 33, '000067196', 3, '2019-05-16 02:01:00', '2019-05-16 06:58:21'),
(250, 33, '000064082', 3, '2019-05-16 02:01:02', '2019-05-16 06:58:21'),
(251, 33, '000065274', 3, '2019-05-16 02:01:04', '2019-05-16 06:58:21'),
(252, 33, '000069263', 3, '2019-05-16 02:01:07', '2019-05-16 06:58:21'),
(253, 33, '000069807', 3, '2019-05-16 02:01:09', '2019-05-16 06:58:21'),
(254, 33, '000069310', 3, '2019-05-16 02:01:12', '2019-05-16 06:58:21'),
(255, 33, '000064950', 3, '2019-05-16 02:01:14', '2019-05-16 06:58:21'),
(256, 33, '000061635', 3, '2019-05-16 02:01:16', '2019-05-16 06:58:21'),
(257, 33, '000066543', 3, '2019-05-16 02:01:19', '2019-05-16 06:58:21'),
(258, 33, '000062837', 3, '2019-05-16 02:01:21', '2019-05-16 06:58:21'),
(259, 33, '000063761', 3, '2019-05-16 02:01:23', '2019-05-16 06:58:21'),
(260, 33, '000066451', 3, '2019-05-16 02:01:26', '2019-05-16 06:58:21'),
(261, 33, '000069413', 3, '2019-05-16 02:01:28', '2019-05-16 06:58:21'),
(262, 33, '000067935', 3, '2019-05-16 02:01:30', '2019-05-16 06:58:21'),
(263, 33, '000068719', 3, '2019-05-16 02:01:33', '2019-05-16 06:58:21'),
(264, 33, '000061379', 3, '2019-05-16 02:01:35', '2019-05-16 06:58:21'),
(265, 33, '000066538', 3, '2019-05-16 02:01:37', '2019-05-16 06:58:21'),
(266, 33, '000062751', 3, '2019-05-16 02:01:40', '2019-05-16 06:58:21'),
(267, 33, '000067143', 3, '2019-05-16 02:01:42', '2019-05-16 06:58:21'),
(268, 34, '000069857', 3, '2019-06-27 10:39:29', '2019-06-27 10:41:52'),
(269, 34, '000069427', 3, '2019-06-27 10:39:31', '2019-06-27 10:41:52'),
(270, 34, '000061594', 3, '2019-06-27 10:39:33', '2019-06-27 10:41:52'),
(271, 34, '000065701', 3, '2019-06-27 10:39:35', '2019-06-27 10:41:52'),
(272, 34, '000068201', 3, '2019-06-27 10:39:38', '2019-06-27 10:41:52'),
(273, 34, '000068146', 3, '2019-06-27 10:39:40', '2019-06-27 10:41:52'),
(274, 34, '000065036', 3, '2019-06-27 10:39:42', '2019-06-27 10:41:52'),
(275, 34, '000065189', 3, '2019-06-27 10:39:44', '2019-06-27 10:41:52'),
(276, 34, '000067038', 3, '2019-06-27 10:39:46', '2019-06-27 10:41:52'),
(277, 34, '000060623', 3, '2019-06-27 10:39:49', '2019-06-27 10:41:52'),
(278, 34, '000069506', 3, '2019-06-27 10:39:51', '2019-06-27 10:41:52'),
(279, 34, '000067301', 3, '2019-06-27 10:39:53', '2019-06-27 10:41:52'),
(280, 34, '000066284', 3, '2019-06-27 10:39:55', '2019-06-27 10:41:52'),
(281, 34, '000069547', 3, '2019-06-27 10:39:58', '2019-06-27 10:41:52'),
(282, 34, '000061239', 3, '2019-06-27 10:40:00', '2019-06-27 10:41:52'),
(283, 34, '000065037', 3, '2019-06-27 10:40:02', '2019-06-27 10:41:52'),
(284, 34, '000067395', 3, '2019-06-27 10:40:04', '2019-06-27 10:41:52'),
(285, 34, '000061243', 3, '2019-06-27 10:40:07', '2019-06-27 10:41:52'),
(286, 34, '000066435', 3, '2019-06-27 10:40:09', '2019-06-27 10:41:52'),
(287, 34, '000069042', 3, '2019-06-27 10:40:11', '2019-06-27 10:41:52'),
(288, 34, '000061295', 3, '2019-06-27 10:40:13', '2019-06-27 10:41:52'),
(289, 34, '000061609', 3, '2019-06-27 10:40:15', '2019-06-27 10:41:52'),
(290, 34, '000061283', 3, '2019-06-27 10:40:18', '2019-06-27 10:41:52'),
(291, 34, '000064039', 3, '2019-06-27 10:40:20', '2019-06-27 10:41:52'),
(292, 34, '000069052', 3, '2019-06-27 10:40:22', '2019-06-27 10:41:52'),
(293, 34, '000062371', 3, '2019-06-27 10:40:24', '2019-06-27 10:41:52'),
(294, 34, '000060719', 3, '2019-06-27 10:40:27', '2019-06-27 10:41:52'),
(295, 34, '000066352', 3, '2019-06-27 10:40:29', '2019-06-27 10:41:52'),
(296, 34, '000060698', 3, '2019-06-27 10:40:31', '2019-06-27 10:41:52'),
(297, 34, '000068159', 3, '2019-06-27 10:40:33', '2019-06-27 10:41:52'),
(298, 34, '000062356', 3, '2019-06-27 10:40:36', '2019-06-27 10:41:52'),
(299, 34, '000064653', 3, '2019-06-27 10:40:38', '2019-06-27 10:41:52'),
(300, 34, '000066395', 3, '2019-06-27 10:40:40', '2019-06-27 10:41:52'),
(301, 34, '000062157', 3, '2019-06-27 10:40:42', '2019-06-27 10:41:52'),
(302, 34, '000064263', 3, '2019-06-27 10:40:44', '2019-06-27 10:41:52'),
(303, 34, '000065240', 3, '2019-06-27 10:40:47', '2019-06-27 10:41:52'),
(304, 34, '000060428', 3, '2019-06-27 10:40:49', '2019-06-27 10:41:52'),
(305, 34, '000064150', 3, '2019-06-27 10:40:51', '2019-06-27 10:41:52'),
(306, 35, '000061962', 3, '2019-10-17 03:55:10', '2019-10-17 03:57:17');

-- --------------------------------------------------------

--
-- Table structure for table `commodityparcelstatus`
--

CREATE TABLE `commodityparcelstatus` (
  `id` tinyint(4) UNSIGNED NOT NULL,
  `commodityparcelstatus` tinytext COLLATE utf8_unicode_ci
) ENGINE=InnoDB DEFAULT CHARSET=utf8 COLLATE=utf8_unicode_ci ROW_FORMAT=DYNAMIC;

--
-- Dumping data for table `commodityparcelstatus`
--

INSERT INTO `commodityparcelstatus` (`id`, `commodityparcelstatus`) VALUES
(1, 'Khởi tạo'),
(2, 'Đang chuyển'),
(3, 'Đã chuyển'),
(4, 'Đã hủy');

-- --------------------------------------------------------

--
-- Table structure for table `danhmucsanpham`
--

CREATE TABLE `danhmucsanpham` (
  `id` int(10) UNSIGNED NOT NULL,
  `ma` char(50) COLLATE utf8mb4_unicode_ci DEFAULT NULL,
  `ten` varchar(150) COLLATE utf8mb4_unicode_ci DEFAULT NULL,
  `thanhphan` text COLLATE utf8mb4_unicode_ci,
  `huongdansudung` text COLLATE utf8mb4_unicode_ci,
  `huongdanbaoquan` text COLLATE utf8mb4_unicode_ci,
  `khoiluongtinh` int(11) DEFAULT NULL COMMENT 'Đơn vị tính bằng gram',
  `khoangthoigiansudung` int(11) DEFAULT '12' COMMENT 'Đơn vị tính bằng tháng',
  `ghichu` varchar(150) COLLATE utf8mb4_unicode_ci DEFAULT NULL,
  `created_at` timestamp NULL DEFAULT NULL,
  `updated_at` timestamp NULL DEFAULT NULL
) ENGINE=InnoDB DEFAULT CHARSET=utf8mb4 COLLATE=utf8mb4_unicode_ci ROW_FORMAT=DYNAMIC;

--
-- Dumping data for table `danhmucsanpham`
--

INSERT INTO `danhmucsanpham` (`id`, `ma`, `ten`, `thanhphan`, `huongdansudung`, `huongdanbaoquan`, `khoiluongtinh`, `khoangthoigiansudung`, `ghichu`, `created_at`, `updated_at`) VALUES
(1, 'carutxuong', 'Chả cá Thác Lát rút xương tẩm gia vị', 'Cá Thát Lát (92%), thị heo, muối, chất điều vị (E621), tiêu, hành', 'Rã đông tự nhiên không ngâm nước, đổ dầu nhiều vào chảo, đun lửa cho đến khi dầu nóng để cá vào chiên giòn rồi cắt thành miếng ghép lại thành hình con cá để lên đĩa', 'Bảo quản ở nhiệt độ (-18 độ C) hoặc trong ngăn đá của tủ lạnh', 300, 12, NULL, '2018-10-30 15:29:30', '2018-10-30 15:29:33'),
(2, 'chacatamgiavi', 'Chả cá Thác Lát tẩm gia vị', 'Cá Thát Lát (92%), thị heo, muối, chất điều vị (E621), tiêu, hành', NULL, NULL, 500, 12, NULL, '2018-10-31 01:00:37', '2018-10-31 01:00:42');

-- --------------------------------------------------------

--
-- Table structure for table `distributor`
--

CREATE TABLE `distributor` (
  `id` int(10) UNSIGNED ZEROFILL NOT NULL,
  `distributorid` char(50) COLLATE utf8mb4_unicode_ci DEFAULT NULL,
  `name` varchar(150) COLLATE utf8mb4_unicode_ci NOT NULL,
  `taxcode` char(20) COLLATE utf8mb4_unicode_ci DEFAULT NULL,
  `user` varchar(150) COLLATE utf8mb4_unicode_ci DEFAULT NULL,
  `phone` char(50) COLLATE utf8mb4_unicode_ci DEFAULT NULL,
  `email` varchar(150) COLLATE utf8mb4_unicode_ci DEFAULT NULL,
  `province_id` int(100) UNSIGNED DEFAULT NULL,
  `district_id` int(100) UNSIGNED DEFAULT NULL,
  `town_id` int(100) UNSIGNED DEFAULT NULL,
  `address` varchar(150) COLLATE utf8mb4_unicode_ci DEFAULT NULL,
  `country` varchar(150) COLLATE utf8mb4_unicode_ci DEFAULT NULL,
  `province` varchar(150) COLLATE utf8mb4_unicode_ci DEFAULT NULL,
  `district` varchar(150) COLLATE utf8mb4_unicode_ci DEFAULT NULL,
  `town` varchar(150) COLLATE utf8mb4_unicode_ci DEFAULT NULL,
  `aparmentnum` varchar(150) COLLATE utf8mb4_unicode_ci DEFAULT NULL,
  `created_at` timestamp NULL DEFAULT NULL,
  `updated_at` timestamp NULL DEFAULT NULL
) ENGINE=InnoDB DEFAULT CHARSET=utf8mb4 COLLATE=utf8mb4_unicode_ci ROW_FORMAT=DYNAMIC;

--
-- Dumping data for table `distributor`
--

INSERT INTO `distributor` (`id`, `distributorid`, `name`, `taxcode`, `user`, `phone`, `email`, `province_id`, `district_id`, `town_id`, `address`, `country`, `province`, `district`, `town`, `aparmentnum`, `created_at`, `updated_at`) VALUES
(0000000001, '300746098', 'Thanh Tùng', NULL, NULL, NULL, NULL, NULL, NULL, NULL, NULL, 'Việt Nam', 'An Giang', 'Phú Tân', 'Phú Bình', 'Tổ 10, Ấp Bình Thành', '2019-01-16 19:17:55', '2019-01-16 19:17:55'),
(0000000002, '300741503', 'Thanh Tùng', NULL, NULL, NULL, NULL, NULL, NULL, NULL, NULL, 'Việt Nam', 'An Giang', 'Phú Tân', 'Phú Bình', 'Tổ 10, Ấp Bình Thành', '2019-01-16 19:20:04', '2019-01-16 19:20:04'),
(0000000003, '300417928', 'Thanh Tùng', NULL, NULL, NULL, NULL, NULL, NULL, NULL, NULL, 'Việt Nam', 'An Giang', 'Phú Tân', 'Phú Bình', 'Tổ 10, Ấp Bình Thành', '2019-01-16 19:22:21', '2019-01-16 19:22:21'),
(0000000004, '300628194', 'Thanh Tùng', NULL, NULL, NULL, NULL, NULL, NULL, NULL, NULL, 'Việt Nam', 'An Giang', 'Phú Tân', 'Phú Bình', 'Tổ 10, Ấp Bình Thành', '2019-01-16 19:23:28', '2019-01-16 19:23:28'),
(0000000005, '300546320', 'Thanh Tùng', NULL, NULL, NULL, NULL, NULL, NULL, NULL, NULL, 'Việt Nam', 'An Giang', 'Phú Tân', 'Phú Bình', 'Tổ 10, Ấp Bình Thành', '2019-01-16 19:27:25', '2019-01-16 19:27:25'),
(0000000006, '300410976', 'Thanh Tùng', NULL, NULL, NULL, NULL, NULL, NULL, NULL, NULL, 'Việt Nam', 'An Giang', 'Phú Tân', 'Phú Bình', 'Tổ 10, Ấp Bình Thành', '2019-01-16 19:28:58', '2019-01-16 19:28:58'),
(0000000007, '300920673', 'Thanh Tùng', NULL, NULL, NULL, NULL, NULL, NULL, NULL, NULL, 'Việt Nam', 'An Giang', 'Phú Tân', 'Phú Bình', 'Tổ 10, Ấp Bình Thành', '2019-01-16 19:33:57', '2019-01-16 19:33:57'),
(0000000008, '300896014', 'Thanh Tùng', NULL, NULL, NULL, NULL, NULL, NULL, NULL, NULL, 'Việt Nam', 'An Giang', 'Phú Tân', 'Phú Bình', 'Tổ 10, Ấp Bình Thành', '2019-01-16 19:34:16', '2019-01-16 19:34:16'),
(0000000009, '300384095', 'Thanh Tùng', NULL, NULL, NULL, NULL, NULL, NULL, NULL, NULL, 'Việt Nam', 'An Giang', 'Phú Tân', 'Phú Bình', 'Tổ 10, Ấp Bình Thành', '2019-01-16 19:35:24', '2019-01-16 19:35:24'),
(0000000010, '300240168', 'Thanh Tùng', NULL, NULL, NULL, NULL, NULL, NULL, NULL, NULL, 'Việt Nam', 'An Giang', 'Phú Tân', 'Phú Bình', 'Tổ 10, Ấp Bình Thành', '2019-01-16 19:35:37', '2019-01-16 19:35:37'),
(0000000011, '300083957', 'Thanh Tùng', NULL, NULL, NULL, NULL, NULL, NULL, NULL, NULL, 'Việt Nam', 'An Giang', 'Phú Tân', 'Phú Bình', 'Tổ 10, Ấp Bình Thành', '2019-01-16 19:35:58', '2019-01-16 19:35:58');

-- --------------------------------------------------------

--
-- Table structure for table `district`
--

CREATE TABLE `district` (
  `id` int(10) UNSIGNED NOT NULL,
  `code` char(3) COLLATE utf8mb4_unicode_ci DEFAULT NULL,
  `name` varchar(100) COLLATE utf8mb4_unicode_ci NOT NULL,
  `name_abbreviation` varchar(100) COLLATE utf8mb4_unicode_ci DEFAULT NULL,
  `name_en` varchar(100) COLLATE utf8mb4_unicode_ci DEFAULT NULL,
  `district_level_id` tinyint(3) UNSIGNED DEFAULT NULL,
  `created_at` timestamp NULL DEFAULT NULL,
  `updated_at` timestamp NULL DEFAULT NULL
) ENGINE=InnoDB DEFAULT CHARSET=utf8mb4 COLLATE=utf8mb4_unicode_ci ROW_FORMAT=DYNAMIC;

-- --------------------------------------------------------

--
-- Table structure for table `district_level`
--

CREATE TABLE `district_level` (
  `id` tinyint(3) UNSIGNED NOT NULL,
  `code` char(50) COLLATE utf8mb4_unicode_ci DEFAULT NULL,
  `name` varchar(100) COLLATE utf8mb4_unicode_ci DEFAULT NULL,
  `created_at` timestamp NULL DEFAULT NULL,
  `updated_at` timestamp NULL DEFAULT NULL
) ENGINE=InnoDB DEFAULT CHARSET=utf8mb4 COLLATE=utf8mb4_unicode_ci ROW_FORMAT=DYNAMIC;

-- --------------------------------------------------------

--
-- Table structure for table `groups`
--

CREATE TABLE `groups` (
  `id` tinyint(3) UNSIGNED NOT NULL,
  `name` varchar(150) COLLATE utf8mb4_unicode_ci NOT NULL,
  `description` mediumtext COLLATE utf8mb4_unicode_ci,
  `created_at` timestamp NULL DEFAULT NULL,
  `updated_at` timestamp NULL DEFAULT NULL
) ENGINE=InnoDB DEFAULT CHARSET=utf8mb4 COLLATE=utf8mb4_unicode_ci ROW_FORMAT=DYNAMIC;

-- --------------------------------------------------------

--
-- Table structure for table `manufacturer`
--

CREATE TABLE `manufacturer` (
  `id` int(10) UNSIGNED NOT NULL,
  `name` varchar(150) COLLATE utf8mb4_unicode_ci NOT NULL,
  `kindofproduct` varchar(150) COLLATE utf8mb4_unicode_ci DEFAULT NULL,
  `taxcode` char(20) COLLATE utf8mb4_unicode_ci DEFAULT NULL,
  `user` varchar(150) COLLATE utf8mb4_unicode_ci DEFAULT NULL,
  `phone` char(50) COLLATE utf8mb4_unicode_ci DEFAULT NULL,
  `email` varchar(50) COLLATE utf8mb4_unicode_ci DEFAULT NULL,
  `province_id` int(10) UNSIGNED DEFAULT NULL,
  `district_id` int(10) UNSIGNED DEFAULT NULL,
  `town_id` int(10) UNSIGNED DEFAULT NULL,
  `address` varchar(150) COLLATE utf8mb4_unicode_ci DEFAULT NULL,
  `created_at` timestamp NULL DEFAULT NULL,
  `updated_at` timestamp NULL DEFAULT NULL
) ENGINE=InnoDB DEFAULT CHARSET=utf8mb4 COLLATE=utf8mb4_unicode_ci ROW_FORMAT=DYNAMIC;

-- --------------------------------------------------------

--
-- Table structure for table `migrations`
--

CREATE TABLE `migrations` (
  `id` int(10) UNSIGNED NOT NULL,
  `migration` varchar(255) COLLATE utf8mb4_unicode_ci NOT NULL,
  `batch` int(11) NOT NULL
) ENGINE=InnoDB DEFAULT CHARSET=utf8mb4 COLLATE=utf8mb4_unicode_ci ROW_FORMAT=DYNAMIC;

--
-- Dumping data for table `migrations`
--

INSERT INTO `migrations` (`id`, `migration`, `batch`) VALUES
(1, '2014_10_12_000000_create_users_table', 1),
(2, '2014_10_12_100000_create_password_resets_table', 1),
(3, '2018_10_04_091806_create_groups_table', 1),
(4, '2018_10_04_092436_create_user_groups_table', 1),
(5, '2018_10_16_143020_create_province_levels_table', 1),
(6, '2018_10_16_143040_create_district_levels_table', 1),
(7, '2018_10_16_143143_create_town_levels_table', 1),
(8, '2018_10_16_143247_create_provinces_table', 1),
(9, '2018_10_16_143611_create_districts_table', 1),
(10, '2018_10_16_143930_create_towns_table', 1),
(11, '2018_10_16_153035_create_manufacturers_table', 1),
(12, '2018_10_17_011259_create_distributors_table', 2),
(13, '2018_10_17_015753_create_retailers_table', 3),
(14, '2018_10_20_071153_create_commodities_table', 4),
(15, '2018_10_30_151121_create_danh_muc_san_phams_table', 5),
(16, '2018_10_31_074439_create_trang_thai_q_r_code_bars_table', 6),
(17, '2018_10_31_074904_create_q_r_code_bars_table', 7),
(19, '2018_11_28_085808_create_commodity_parcels_table', 8),
(20, '2018_11_28_090924_create_commodity_parcel_details_table', 9);

-- --------------------------------------------------------

--
-- Table structure for table `password_resets`
--

CREATE TABLE `password_resets` (
  `email` varchar(255) COLLATE utf8mb4_unicode_ci NOT NULL,
  `token` varchar(255) COLLATE utf8mb4_unicode_ci NOT NULL,
  `created_at` timestamp NULL DEFAULT NULL
) ENGINE=InnoDB DEFAULT CHARSET=utf8mb4 COLLATE=utf8mb4_unicode_ci ROW_FORMAT=DYNAMIC;

-- --------------------------------------------------------

--
-- Table structure for table `province`
--

CREATE TABLE `province` (
  `id` int(10) UNSIGNED NOT NULL,
  `code` char(3) COLLATE utf8mb4_unicode_ci DEFAULT NULL,
  `name` varchar(100) COLLATE utf8mb4_unicode_ci NOT NULL,
  `name_abbreviation` varchar(100) COLLATE utf8mb4_unicode_ci DEFAULT NULL,
  `name_en` varchar(100) COLLATE utf8mb4_unicode_ci DEFAULT NULL,
  `province_level_id` tinyint(3) UNSIGNED DEFAULT NULL,
  `created_at` timestamp NULL DEFAULT NULL,
  `updated_at` timestamp NULL DEFAULT NULL
) ENGINE=InnoDB DEFAULT CHARSET=utf8mb4 COLLATE=utf8mb4_unicode_ci ROW_FORMAT=DYNAMIC;

--
-- Dumping data for table `province`
--

INSERT INTO `province` (`id`, `code`, `name`, `name_abbreviation`, `name_en`, `province_level_id`, `created_at`, `updated_at`) VALUES
(1, '01', 'Thành phố Hà Nội', NULL, NULL, 1, '2018-10-16 15:43:41', '2018-10-16 15:43:44');

-- --------------------------------------------------------

--
-- Table structure for table `province_level`
--

CREATE TABLE `province_level` (
  `id` tinyint(3) UNSIGNED NOT NULL,
  `code` char(50) COLLATE utf8mb4_unicode_ci DEFAULT NULL,
  `name` varchar(100) COLLATE utf8mb4_unicode_ci DEFAULT NULL,
  `created_at` timestamp NULL DEFAULT NULL,
  `updated_at` timestamp NULL DEFAULT NULL
) ENGINE=InnoDB DEFAULT CHARSET=utf8mb4 COLLATE=utf8mb4_unicode_ci ROW_FORMAT=DYNAMIC;

--
-- Dumping data for table `province_level`
--

INSERT INTO `province_level` (`id`, `code`, `name`, `created_at`, `updated_at`) VALUES
(1, 'TPTW', 'Thành phố Trung ương', '2018-10-16 15:44:12', '2018-10-16 15:44:14'),
(2, 'T', 'Tỉnh', '2018-10-16 15:44:35', '2018-10-16 15:44:38');

-- --------------------------------------------------------

--
-- Table structure for table `qrcodebar`
--

CREATE TABLE `qrcodebar` (
  `id` bigint(20) UNSIGNED NOT NULL,
  `qrcodebarparcel_id` int(10) UNSIGNED DEFAULT NULL,
  `stt` int(10) UNSIGNED DEFAULT NULL,
  `maqr` varchar(100) COLLATE utf8mb4_unicode_ci NOT NULL,
  `danhmucsanpham_id` int(10) UNSIGNED DEFAULT NULL,
  `trangthaiqrcodebar_id` tinyint(3) UNSIGNED DEFAULT '1',
  `created_at` timestamp NULL DEFAULT NULL,
  `updated_at` timestamp NULL DEFAULT NULL
) ENGINE=InnoDB DEFAULT CHARSET=utf8mb4 COLLATE=utf8mb4_unicode_ci ROW_FORMAT=DYNAMIC;

--
-- Dumping data for table `qrcodebar`
--

INSERT INTO `qrcodebar` (`id`, `qrcodebarparcel_id`, `stt`, `maqr`, `danhmucsanpham_id`, `trangthaiqrcodebar_id`, `created_at`, `updated_at`) VALUES
(789, 6, 1, '000067294', NULL, 1, '2019-01-22 01:42:05', '2019-01-22 01:42:05'),
(790, 6, 2, '000062913', NULL, 1, '2019-01-22 01:42:05', '2019-01-22 01:42:05'),
(791, 6, 3, '000063907', NULL, 1, '2019-01-22 01:42:05', '2019-01-22 01:42:05'),
(792, 6, 4, '000060743', NULL, 1, '2019-01-22 01:42:05', '2019-01-22 01:42:05'),
(793, 6, 5, '000064387', NULL, 1, '2019-01-22 01:42:05', '2019-01-22 01:42:05'),
(794, 6, 6, '000061645', NULL, 1, '2019-01-22 01:42:05', '2019-01-22 01:42:05'),
(795, 6, 7, '000064875', NULL, 1, '2019-01-22 01:42:05', '2019-01-22 01:42:05'),
(796, 6, 8, '000064325', NULL, 1, '2019-01-22 01:42:05', '2019-01-22 01:42:05'),
(797, 6, 9, '000065183', NULL, 1, '2019-01-22 01:42:05', '2019-01-22 01:42:05'),
(798, 6, 10, '000060596', NULL, 1, '2019-01-22 01:42:05', '2019-01-22 01:42:05'),
(799, 6, 11, '000065178', NULL, 1, '2019-01-22 01:42:05', '2019-01-22 01:42:05'),
(800, 6, 12, '000061032', NULL, 1, '2019-01-22 01:42:05', '2019-01-22 01:42:05'),
(801, 6, 13, '000067120', NULL, 1, '2019-01-22 01:42:05', '2019-01-22 01:42:05'),
(802, 6, 14, '000062508', NULL, 1, '2019-01-22 01:42:05', '2019-01-22 01:42:05'),
(803, 6, 15, '000066382', NULL, 1, '2019-01-22 01:42:05', '2019-01-22 01:42:05'),
(804, 6, 16, '000065478', NULL, 1, '2019-01-22 01:42:05', '2019-01-22 01:42:05'),
(805, 6, 17, '000061247', NULL, 1, '2019-01-22 01:42:05', '2019-01-22 01:42:05'),
(806, 6, 18, '000065916', NULL, 1, '2019-01-22 01:42:05', '2019-01-22 01:42:05'),
(807, 6, 19, '000069372', NULL, 1, '2019-01-22 01:42:05', '2019-01-22 01:42:05'),
(808, 6, 20, '000067149', NULL, 1, '2019-01-22 01:42:05', '2019-01-22 01:42:05'),
(809, 6, 21, '000069031', NULL, 1, '2019-01-22 01:42:05', '2019-01-22 01:42:05'),
(810, 6, 22, '000062076', NULL, 1, '2019-01-22 01:42:05', '2019-01-22 01:42:05'),
(811, 6, 23, '000067462', NULL, 1, '2019-01-22 01:42:05', '2019-01-22 01:42:05'),
(812, 6, 24, '000062103', NULL, 1, '2019-01-22 01:42:05', '2019-01-22 01:42:05'),
(813, 6, 25, '000063904', NULL, 1, '2019-01-22 01:42:05', '2019-01-22 01:42:05'),
(814, 6, 26, '000064791', NULL, 1, '2019-01-22 01:42:05', '2019-01-22 01:42:05'),
(815, 6, 27, '000065371', NULL, 1, '2019-01-22 01:42:05', '2019-01-22 01:42:05'),
(816, 6, 28, '000066179', NULL, 1, '2019-01-22 01:42:05', '2019-01-22 01:42:05'),
(817, 6, 29, '000067318', NULL, 1, '2019-01-22 01:42:05', '2019-01-22 01:42:05'),
(818, 6, 30, '000067860', NULL, 1, '2019-01-22 01:42:05', '2019-01-22 01:42:05'),
(819, 6, 31, '000067692', NULL, 1, '2019-01-22 01:42:05', '2019-01-22 01:42:05'),
(820, 6, 32, '000068493', NULL, 1, '2019-01-22 01:42:05', '2019-01-22 01:42:05'),
(821, 6, 33, '000065647', NULL, 1, '2019-01-22 01:42:05', '2019-01-22 01:42:05'),
(822, 6, 34, '000065860', NULL, 1, '2019-01-22 01:42:05', '2019-01-22 01:42:05'),
(823, 6, 35, '000063781', NULL, 1, '2019-01-22 01:42:05', '2019-01-22 01:42:05'),
(824, 6, 36, '000063645', NULL, 1, '2019-01-22 01:42:05', '2019-01-22 01:42:05'),
(825, 6, 37, '000061859', NULL, 1, '2019-01-22 01:42:05', '2019-01-22 01:42:05'),
(826, 6, 38, '000069453', NULL, 1, '2019-01-22 01:42:05', '2019-01-22 01:42:05'),
(827, 6, 39, '000064186', NULL, 1, '2019-01-22 01:42:05', '2019-01-22 01:42:05'),
(828, 6, 40, '000064930', NULL, 1, '2019-01-22 01:42:05', '2019-01-22 01:42:05'),
(829, 6, 41, '000063179', NULL, 1, '2019-01-22 01:42:05', '2019-01-22 01:42:05'),
(830, 6, 42, '000068673', NULL, 1, '2019-01-22 01:42:05', '2019-01-22 01:42:05'),
(831, 6, 43, '000066354', NULL, 1, '2019-01-22 01:42:05', '2019-01-22 01:42:05'),
(832, 6, 44, '000061043', NULL, 1, '2019-01-22 01:42:05', '2019-01-22 01:42:05'),
(833, 6, 45, '000062463', NULL, 1, '2019-01-22 01:42:05', '2019-01-22 01:42:05'),
(834, 6, 46, '000061605', NULL, 1, '2019-01-22 01:42:05', '2019-01-22 01:42:05'),
(835, 6, 47, '000066904', NULL, 1, '2019-01-22 01:42:05', '2019-01-22 01:42:05'),
(836, 6, 48, '000066205', NULL, 1, '2019-01-22 01:42:05', '2019-01-22 01:42:05'),
(837, 6, 49, '000067534', NULL, 1, '2019-01-22 01:42:05', '2019-01-22 01:42:05'),
(838, 6, 50, '000062896', NULL, 1, '2019-01-22 01:42:05', '2019-01-22 01:42:05'),
(839, 6, 51, '000064826', NULL, 1, '2019-01-22 01:42:05', '2019-01-22 01:42:05'),
(840, 6, 52, '000067624', NULL, 1, '2019-01-22 01:42:05', '2019-01-22 01:42:05'),
(841, 6, 53, '000061037', NULL, 1, '2019-01-22 01:42:05', '2019-01-22 01:42:05'),
(842, 6, 54, '000063589', NULL, 1, '2019-01-22 01:42:05', '2019-01-22 01:42:05'),
(843, 6, 55, '000064905', NULL, 1, '2019-01-22 01:42:05', '2019-01-22 01:42:05'),
(844, 6, 56, '000066123', NULL, 1, '2019-01-22 01:42:05', '2019-01-22 01:42:05'),
(845, 6, 57, '000063108', NULL, 1, '2019-01-22 01:42:05', '2019-01-22 01:42:05'),
(846, 6, 58, '000066701', NULL, 1, '2019-01-22 01:42:05', '2019-01-22 01:42:05'),
(847, 6, 59, '000065960', NULL, 1, '2019-01-22 01:42:05', '2019-01-22 01:42:05'),
(848, 6, 60, '000065428', NULL, 1, '2019-01-22 01:42:05', '2019-01-22 01:42:05'),
(849, 6, 61, '000066180', NULL, 1, '2019-01-22 01:42:05', '2019-01-22 01:42:05'),
(850, 6, 62, '000067264', NULL, 1, '2019-01-22 01:42:05', '2019-01-22 01:42:05'),
(851, 6, 63, '000062401', NULL, 1, '2019-01-22 01:42:05', '2019-01-22 01:42:05'),
(852, 6, 64, '000068716', NULL, 1, '2019-01-22 01:42:05', '2019-01-22 01:42:05'),
(853, 6, 65, '000069230', NULL, 1, '2019-01-22 01:42:05', '2019-01-22 01:42:05'),
(854, 6, 66, '000066350', NULL, 1, '2019-01-22 01:42:05', '2019-01-22 01:42:05'),
(855, 6, 67, '000061250', NULL, 1, '2019-01-22 01:42:05', '2019-01-22 01:42:05'),
(856, 6, 68, '000060795', NULL, 1, '2019-01-22 01:42:05', '2019-01-22 01:42:05'),
(857, 6, 69, '000061309', NULL, 1, '2019-01-22 01:42:05', '2019-01-22 01:42:05'),
(858, 6, 70, '000069842', NULL, 1, '2019-01-22 01:42:05', '2019-01-22 01:42:05'),
(859, 6, 71, '000067936', NULL, 1, '2019-01-22 01:42:05', '2019-01-22 01:42:05'),
(860, 6, 72, '000064162', NULL, 1, '2019-01-22 01:42:05', '2019-01-22 01:42:05'),
(861, 6, 73, '000068975', NULL, 1, '2019-01-22 01:42:05', '2019-01-22 01:42:05'),
(862, 6, 74, '000066347', NULL, 1, '2019-01-22 01:42:05', '2019-01-22 01:42:05'),
(863, 6, 75, '000066802', NULL, 1, '2019-01-22 01:42:05', '2019-01-22 01:42:05'),
(864, 6, 76, '000061467', NULL, 1, '2019-01-22 01:42:05', '2019-01-22 01:42:05'),
(865, 6, 77, '000065872', NULL, 1, '2019-01-22 01:42:05', '2019-01-22 01:42:05'),
(866, 6, 78, '000066328', NULL, 1, '2019-01-22 01:42:05', '2019-01-22 01:42:05'),
(867, 6, 79, '000069450', NULL, 1, '2019-01-22 01:42:05', '2019-01-22 01:42:05'),
(868, 6, 80, '000062480', NULL, 1, '2019-01-22 01:42:05', '2019-01-22 01:42:05'),
(869, 6, 81, '000068234', NULL, 1, '2019-01-22 01:42:05', '2019-01-22 01:42:05'),
(870, 6, 82, '000061369', NULL, 1, '2019-01-22 01:42:05', '2019-01-22 01:42:05'),
(871, 6, 83, '000064083', NULL, 1, '2019-01-22 01:42:05', '2019-01-22 01:42:05'),
(872, 6, 84, '000066519', NULL, 1, '2019-01-22 01:42:05', '2019-01-22 01:42:05'),
(873, 6, 85, '000069186', NULL, 1, '2019-01-22 01:42:05', '2019-01-22 01:42:05'),
(874, 6, 86, '000067642', NULL, 1, '2019-01-22 01:42:05', '2019-01-22 01:42:05'),
(875, 6, 87, '000064685', NULL, 1, '2019-01-22 01:42:05', '2019-01-22 01:42:05'),
(876, 6, 88, '000064120', NULL, 1, '2019-01-22 01:42:05', '2019-01-22 01:42:05'),
(877, 6, 89, '000066790', NULL, 1, '2019-01-22 01:42:05', '2019-01-22 01:42:05'),
(878, 6, 90, '000063641', NULL, 1, '2019-01-22 01:42:05', '2019-01-22 01:42:05'),
(879, 6, 91, '000061256', NULL, 1, '2019-01-22 01:42:05', '2019-01-22 01:42:05'),
(880, 6, 92, '000066742', NULL, 1, '2019-01-22 01:42:05', '2019-01-22 01:42:05'),
(881, 6, 93, '000062785', NULL, 1, '2019-01-22 01:42:05', '2019-01-22 01:42:05'),
(882, 6, 94, '000068617', NULL, 1, '2019-01-22 01:42:05', '2019-01-22 01:42:05'),
(883, 6, 95, '000065821', NULL, 1, '2019-01-22 01:42:05', '2019-01-22 01:42:05'),
(884, 6, 96, '000061695', NULL, 1, '2019-01-22 01:42:05', '2019-01-22 01:42:05'),
(885, 6, 97, '000068153', NULL, 1, '2019-01-22 01:42:05', '2019-01-22 01:42:05'),
(886, 6, 98, '000066073', NULL, 1, '2019-01-22 01:42:05', '2019-01-22 01:42:05'),
(887, 6, 99, '000069204', NULL, 1, '2019-01-22 01:42:05', '2019-01-22 01:42:05'),
(888, 6, 100, '000066017', NULL, 1, '2019-01-22 01:42:05', '2019-01-22 01:42:05'),
(889, 6, 101, '000065849', NULL, 1, '2019-01-22 01:42:05', '2019-01-22 01:42:05'),
(890, 6, 102, '000063569', NULL, 1, '2019-01-22 01:42:05', '2019-01-22 01:42:05'),
(891, 6, 103, '000062160', NULL, 1, '2019-01-22 01:42:05', '2019-01-22 01:42:05'),
(892, 6, 104, '000062830', NULL, 1, '2019-01-22 01:42:05', '2019-01-22 01:42:05'),
(893, 6, 105, '000067632', NULL, 1, '2019-01-22 01:42:05', '2019-01-22 01:42:05'),
(894, 6, 106, '000061623', NULL, 1, '2019-01-22 01:42:05', '2019-01-22 01:42:05'),
(895, 6, 107, '000062094', NULL, 1, '2019-01-22 01:42:05', '2019-01-22 01:42:05'),
(896, 6, 108, '000069724', NULL, 1, '2019-01-22 01:42:05', '2019-01-22 01:42:05'),
(897, 6, 109, '000062685', NULL, 1, '2019-01-22 01:42:05', '2019-01-22 01:42:05'),
(898, 6, 110, '000068429', NULL, 1, '2019-01-22 01:42:05', '2019-01-22 01:42:05'),
(899, 6, 111, '000062386', NULL, 1, '2019-01-22 01:42:05', '2019-01-22 01:42:05'),
(900, 6, 112, '000062530', NULL, 1, '2019-01-22 01:42:05', '2019-01-22 01:42:05'),
(901, 6, 113, '000063150', NULL, 1, '2019-01-22 01:42:05', '2019-01-22 01:42:05'),
(902, 6, 114, '000069063', NULL, 1, '2019-01-22 01:42:05', '2019-01-22 01:42:05'),
(903, 6, 115, '000063518', NULL, 1, '2019-01-22 01:42:05', '2019-01-22 01:42:05'),
(904, 6, 116, '000063180', NULL, 1, '2019-01-22 01:42:05', '2019-01-22 01:42:05'),
(905, 6, 117, '000067523', NULL, 1, '2019-01-22 01:42:05', '2019-01-22 01:42:05'),
(906, 6, 118, '000067659', NULL, 1, '2019-01-22 01:42:05', '2019-01-22 01:42:05'),
(907, 6, 119, '000065230', NULL, 1, '2019-01-22 01:42:05', '2019-01-22 01:42:05'),
(908, 6, 120, '000063567', NULL, 1, '2019-01-22 01:42:05', '2019-01-22 01:42:05'),
(909, 6, 121, '000064681', NULL, 1, '2019-01-22 01:42:05', '2019-01-22 01:42:05'),
(910, 6, 122, '000061362', NULL, 1, '2019-01-22 01:42:05', '2019-01-22 01:42:05'),
(911, 6, 123, '000063069', NULL, 1, '2019-01-22 01:42:05', '2019-01-22 01:42:05'),
(912, 6, 124, '000066341', NULL, 1, '2019-01-22 01:42:05', '2019-01-22 01:42:05'),
(913, 6, 125, '000068740', NULL, 1, '2019-01-22 01:42:05', '2019-01-22 01:42:05'),
(914, 6, 126, '000060954', NULL, 1, '2019-01-22 01:42:05', '2019-01-22 01:42:05'),
(915, 6, 127, '000069015', NULL, 1, '2019-01-22 01:42:05', '2019-01-22 01:42:05'),
(916, 6, 128, '000061375', NULL, 1, '2019-01-22 01:42:05', '2019-01-22 01:42:05'),
(917, 6, 129, '000060468', NULL, 1, '2019-01-22 01:42:05', '2019-01-22 01:42:05'),
(918, 6, 130, '000065924', NULL, 1, '2019-01-22 01:42:05', '2019-01-22 01:42:05'),
(919, 6, 131, '000069806', NULL, 1, '2019-01-22 01:42:05', '2019-01-22 01:42:05'),
(920, 6, 132, '000067508', NULL, 1, '2019-01-22 01:42:05', '2019-01-22 01:42:05'),
(921, 6, 133, '000063482', NULL, 1, '2019-01-22 01:42:05', '2019-01-22 01:42:05'),
(922, 6, 134, '000064579', NULL, 1, '2019-01-22 01:42:05', '2019-01-22 01:42:05'),
(923, 6, 135, '000061397', NULL, 1, '2019-01-22 01:42:05', '2019-01-22 01:42:05'),
(924, 6, 136, '000066801', NULL, 1, '2019-01-22 01:42:05', '2019-01-22 01:42:05'),
(925, 6, 137, '000060271', NULL, 1, '2019-01-22 01:42:05', '2019-01-22 01:42:05'),
(926, 6, 138, '000060473', NULL, 1, '2019-01-22 01:42:05', '2019-01-22 01:42:05'),
(927, 6, 139, '000065907', NULL, 1, '2019-01-22 01:42:05', '2019-01-22 01:42:05'),
(928, 6, 140, '000069437', NULL, 1, '2019-01-22 01:42:05', '2019-01-22 01:42:05'),
(929, 6, 141, '000062793', NULL, 1, '2019-01-22 01:42:05', '2019-01-22 01:42:05'),
(930, 6, 142, '000062093', NULL, 1, '2019-01-22 01:42:05', '2019-01-22 01:42:05'),
(931, 6, 143, '000063572', NULL, 1, '2019-01-22 01:42:05', '2019-01-22 01:42:05'),
(932, 6, 144, '000069125', NULL, 1, '2019-01-22 01:42:05', '2019-01-22 01:42:05'),
(933, 6, 145, '000060879', NULL, 1, '2019-01-22 01:42:05', '2019-01-22 01:42:05'),
(934, 6, 146, '000069852', NULL, 1, '2019-01-22 01:42:05', '2019-01-22 01:42:05'),
(935, 6, 147, '000063186', NULL, 1, '2019-01-22 01:42:05', '2019-01-22 01:42:05'),
(936, 6, 148, '000064028', NULL, 1, '2019-01-22 01:42:05', '2019-01-22 01:42:05'),
(937, 6, 149, '000066120', NULL, 1, '2019-01-22 01:42:05', '2019-01-22 01:42:05'),
(938, 6, 150, '000069502', NULL, 1, '2019-01-22 01:42:05', '2019-01-22 01:42:05'),
(939, 6, 151, '000063672', NULL, 1, '2019-01-22 01:42:05', '2019-01-22 01:42:05'),
(940, 6, 152, '000068692', NULL, 1, '2019-01-22 01:42:05', '2019-01-22 01:42:05'),
(941, 6, 153, '000060653', NULL, 1, '2019-01-22 01:42:05', '2019-01-22 01:42:05'),
(942, 6, 154, '000060564', NULL, 1, '2019-01-22 01:42:05', '2019-01-22 01:42:05'),
(943, 6, 155, '000064501', NULL, 1, '2019-01-22 01:42:05', '2019-01-22 01:42:05'),
(944, 6, 156, '000064758', NULL, 1, '2019-01-22 01:42:05', '2019-01-22 01:42:05'),
(945, 6, 157, '000061826', NULL, 1, '2019-01-22 01:42:05', '2019-01-22 01:42:05'),
(946, 6, 158, '000061846', NULL, 1, '2019-01-22 01:42:05', '2019-01-22 01:42:05'),
(947, 6, 159, '000067250', NULL, 1, '2019-01-22 01:42:05', '2019-01-22 01:42:05'),
(948, 6, 160, '000060768', NULL, 1, '2019-01-22 01:42:05', '2019-01-22 01:42:05'),
(949, 6, 161, '000061402', NULL, 1, '2019-01-22 01:42:05', '2019-01-22 01:42:05'),
(950, 6, 162, '000066475', NULL, 1, '2019-01-22 01:42:05', '2019-01-22 01:42:05'),
(951, 6, 163, '000068549', NULL, 1, '2019-01-22 01:42:05', '2019-01-22 01:42:05'),
(952, 6, 164, '000062571', NULL, 1, '2019-01-22 01:42:05', '2019-01-22 01:42:05'),
(953, 6, 165, '000067634', NULL, 1, '2019-01-22 01:42:05', '2019-01-22 01:42:05'),
(954, 6, 166, '000067291', NULL, 1, '2019-01-22 01:42:05', '2019-01-22 01:42:05'),
(955, 6, 167, '000060976', NULL, 1, '2019-01-22 01:42:05', '2019-01-22 01:42:05'),
(956, 6, 168, '000067064', NULL, 1, '2019-01-22 01:42:05', '2019-01-22 01:42:05'),
(957, 6, 169, '000069604', NULL, 1, '2019-01-22 01:42:05', '2019-01-22 01:42:05'),
(958, 6, 170, '000066715', NULL, 1, '2019-01-22 01:42:05', '2019-01-22 01:42:05'),
(959, 6, 171, '000069851', NULL, 1, '2019-01-22 01:42:05', '2019-01-22 01:42:05'),
(960, 6, 172, '000061946', NULL, 1, '2019-01-22 01:42:05', '2019-01-22 01:42:05'),
(961, 6, 173, '000064071', NULL, 1, '2019-01-22 01:42:05', '2019-01-22 01:42:05'),
(962, 6, 174, '000065172', NULL, 1, '2019-01-22 01:42:05', '2019-01-22 01:42:05'),
(963, 6, 175, '000062348', NULL, 1, '2019-01-22 01:42:05', '2019-01-22 01:42:05'),
(964, 6, 176, '000068629', NULL, 1, '2019-01-22 01:42:05', '2019-01-22 01:42:05'),
(965, 6, 177, '000068123', NULL, 1, '2019-01-22 01:42:05', '2019-01-22 01:42:05'),
(966, 6, 178, '000063960', NULL, 1, '2019-01-22 01:42:05', '2019-01-22 01:42:05'),
(967, 6, 179, '000064827', NULL, 1, '2019-01-22 01:42:05', '2019-01-22 01:42:05'),
(968, 6, 180, '000060674', NULL, 1, '2019-01-22 01:42:05', '2019-01-22 01:42:05'),
(969, 6, 181, '000061985', NULL, 1, '2019-01-22 01:42:05', '2019-01-22 01:42:05'),
(970, 6, 182, '000062958', NULL, 1, '2019-01-22 01:42:05', '2019-01-22 01:42:05'),
(971, 6, 183, '000060815', NULL, 1, '2019-01-22 01:42:05', '2019-01-22 01:42:05'),
(972, 6, 184, '000065829', NULL, 1, '2019-01-22 01:42:05', '2019-01-22 01:42:05'),
(973, 6, 185, '000063417', NULL, 1, '2019-01-22 01:42:05', '2019-01-22 01:42:05'),
(974, 6, 186, '000061785', NULL, 1, '2019-01-22 01:42:05', '2019-01-22 01:42:05'),
(975, 6, 187, '000068135', NULL, 1, '2019-01-22 01:42:05', '2019-01-22 01:42:05'),
(976, 6, 188, '000063962', NULL, 1, '2019-01-22 01:42:05', '2019-01-22 01:42:05'),
(977, 6, 189, '000067528', NULL, 1, '2019-01-22 01:42:05', '2019-01-22 01:42:05'),
(978, 6, 190, '000063917', NULL, 1, '2019-01-22 01:42:05', '2019-01-22 01:42:05'),
(979, 6, 191, '000068516', NULL, 1, '2019-01-22 01:42:05', '2019-01-22 01:42:05'),
(980, 6, 192, '000065386', NULL, 1, '2019-01-22 01:42:05', '2019-01-22 01:42:05'),
(981, 6, 193, '000063612', NULL, 1, '2019-01-22 01:42:05', '2019-01-22 01:42:05'),
(982, 6, 194, '000067432', NULL, 1, '2019-01-22 01:42:05', '2019-01-22 01:42:05'),
(983, 6, 195, '000063420', NULL, 1, '2019-01-22 01:42:05', '2019-01-22 01:42:05'),
(984, 6, 196, '000063481', NULL, 1, '2019-01-22 01:42:05', '2019-01-22 01:42:05'),
(985, 6, 197, '000060945', NULL, 1, '2019-01-22 01:42:05', '2019-01-22 01:42:05'),
(986, 6, 198, '000069746', NULL, 1, '2019-01-22 01:42:05', '2019-01-22 01:42:05'),
(987, 6, 199, '000062197', NULL, 1, '2019-01-22 01:42:05', '2019-01-22 01:42:05'),
(988, 6, 200, '000069021', NULL, 1, '2019-01-22 01:42:05', '2019-01-22 01:42:05'),
(989, 6, 201, '000066197', NULL, 1, '2019-01-22 01:42:05', '2019-01-22 01:42:05'),
(990, 6, 202, '000066975', NULL, 1, '2019-01-22 01:42:05', '2019-01-22 01:42:05'),
(991, 6, 203, '000062693', NULL, 1, '2019-01-22 01:42:05', '2019-01-22 01:42:05'),
(992, 6, 204, '000064678', NULL, 1, '2019-01-22 01:42:05', '2019-01-22 01:42:05'),
(993, 6, 205, '000067218', NULL, 1, '2019-01-22 01:42:05', '2019-01-22 01:42:05'),
(994, 6, 206, '000061087', NULL, 1, '2019-01-22 01:42:05', '2019-01-22 01:42:05'),
(995, 6, 207, '000069160', NULL, 1, '2019-01-22 01:42:05', '2019-01-22 01:42:05'),
(996, 6, 208, '000062470', NULL, 1, '2019-01-22 01:42:05', '2019-01-22 01:42:05'),
(997, 6, 209, '000067425', NULL, 1, '2019-01-22 01:42:05', '2019-01-22 01:42:05'),
(998, 6, 210, '000068042', NULL, 1, '2019-01-22 01:42:05', '2019-01-22 01:42:05'),
(999, 6, 211, '000066520', NULL, 1, '2019-01-22 01:42:05', '2019-01-22 01:42:05'),
(1000, 6, 212, '000068736', NULL, 1, '2019-01-22 01:42:05', '2019-01-22 01:42:05'),
(1001, 6, 213, '000060158', NULL, 1, '2019-01-22 01:42:05', '2019-01-22 01:42:05'),
(1002, 6, 214, '000068371', NULL, 1, '2019-01-22 01:42:05', '2019-01-22 01:42:05'),
(1003, 6, 215, '000063028', NULL, 1, '2019-01-22 01:42:05', '2019-01-22 01:42:05'),
(1004, 6, 216, '000063209', NULL, 1, '2019-01-22 01:42:05', '2019-01-22 01:42:05'),
(1005, 6, 217, '000063548', NULL, 1, '2019-01-22 01:42:05', '2019-01-22 01:42:05'),
(1006, 6, 218, '000062173', NULL, 1, '2019-01-22 01:42:05', '2019-01-22 01:42:05'),
(1007, 6, 219, '000069034', NULL, 1, '2019-01-22 01:42:05', '2019-01-22 01:42:05'),
(1008, 6, 220, '000061836', NULL, 1, '2019-01-22 01:42:05', '2019-01-22 01:42:05'),
(1009, 6, 221, '000067921', NULL, 1, '2019-01-22 01:42:05', '2019-01-22 01:42:05'),
(1010, 6, 222, '000067196', NULL, 1, '2019-01-22 01:42:05', '2019-01-22 01:42:05'),
(1011, 6, 223, '000064082', NULL, 1, '2019-01-22 01:42:05', '2019-01-22 01:42:05'),
(1012, 6, 224, '000065274', NULL, 1, '2019-01-22 01:42:05', '2019-01-22 01:42:05'),
(1013, 6, 225, '000069263', NULL, 1, '2019-01-22 01:42:05', '2019-01-22 01:42:05'),
(1014, 6, 226, '000069807', NULL, 1, '2019-01-22 01:42:05', '2019-01-22 01:42:05'),
(1015, 6, 227, '000069310', NULL, 1, '2019-01-22 01:42:05', '2019-01-22 01:42:05'),
(1016, 6, 228, '000064950', NULL, 1, '2019-01-22 01:42:05', '2019-01-22 01:42:05'),
(1017, 6, 229, '000061635', NULL, 1, '2019-01-22 01:42:06', '2019-01-22 01:42:06'),
(1018, 6, 230, '000066543', NULL, 1, '2019-01-22 01:42:06', '2019-01-22 01:42:06'),
(1019, 6, 231, '000062837', NULL, 1, '2019-01-22 01:42:06', '2019-01-22 01:42:06'),
(1020, 6, 232, '000063761', NULL, 1, '2019-01-22 01:42:06', '2019-01-22 01:42:06'),
(1021, 6, 233, '000066451', NULL, 1, '2019-01-22 01:42:06', '2019-01-22 01:42:06'),
(1022, 6, 234, '000069413', NULL, 1, '2019-01-22 01:42:06', '2019-01-22 01:42:06'),
(1023, 6, 235, '000067935', NULL, 1, '2019-01-22 01:42:06', '2019-01-22 01:42:06'),
(1024, 6, 236, '000068719', NULL, 1, '2019-01-22 01:42:06', '2019-01-22 01:42:06'),
(1025, 6, 237, '000061379', NULL, 1, '2019-01-22 01:42:06', '2019-01-22 01:42:06'),
(1026, 6, 238, '000066538', NULL, 1, '2019-01-22 01:42:06', '2019-01-22 01:42:06'),
(1027, 6, 239, '000062751', NULL, 1, '2019-01-22 01:42:06', '2019-01-22 01:42:06'),
(1028, 6, 240, '000067143', NULL, 1, '2019-01-22 01:42:06', '2019-01-22 01:42:06'),
(1029, 6, 241, '000061239', NULL, 1, '2019-01-22 01:42:06', '2019-01-22 01:42:06'),
(1030, 6, 242, '000065037', NULL, 1, '2019-01-22 01:42:06', '2019-01-22 01:42:06'),
(1031, 6, 243, '000067395', NULL, 1, '2019-01-22 01:42:06', '2019-01-22 01:42:06'),
(1032, 6, 244, '000061243', NULL, 1, '2019-01-22 01:42:06', '2019-01-22 01:42:06'),
(1033, 6, 245, '000066435', NULL, 1, '2019-01-22 01:42:06', '2019-01-22 01:42:06'),
(1034, 6, 246, '000069042', NULL, 1, '2019-01-22 01:42:06', '2019-01-22 01:42:06'),
(1035, 6, 247, '000061295', NULL, 1, '2019-01-22 01:42:06', '2019-01-22 01:42:06'),
(1036, 6, 248, '000061609', NULL, 1, '2019-01-22 01:42:06', '2019-01-22 01:42:06'),
(1037, 6, 249, '000068593', NULL, 1, '2019-01-22 01:42:06', '2019-01-22 01:42:06'),
(1038, 6, 250, '000061964', NULL, 1, '2019-01-22 01:42:06', '2019-01-22 01:42:06'),
(1039, 6, 251, '000061962', NULL, 2, '2019-01-22 01:42:06', '2019-10-17 03:53:04'),
(1040, 6, 252, '000062465', NULL, 1, '2019-01-22 01:42:06', '2019-01-22 01:42:06'),
(1041, 6, 253, '000068539', NULL, 1, '2019-01-22 01:42:06', '2019-01-22 01:42:06'),
(1042, 6, 254, '000067568', NULL, 1, '2019-01-22 01:42:06', '2019-01-22 01:42:06'),
(1043, 6, 255, '000060543', NULL, 1, '2019-01-22 01:42:06', '2019-01-22 01:42:06'),
(1044, 6, 256, '000063540', NULL, 1, '2019-01-22 01:42:06', '2019-01-22 01:42:06'),
(1045, 6, 257, '000065036', NULL, 1, '2019-01-22 01:42:06', '2019-01-22 01:42:06'),
(1046, 6, 258, '000065189', NULL, 1, '2019-01-22 01:42:06', '2019-01-22 01:42:06'),
(1047, 6, 259, '000067038', NULL, 1, '2019-01-22 01:42:06', '2019-01-22 01:42:06'),
(1048, 6, 260, '000060623', NULL, 1, '2019-01-22 01:42:06', '2019-01-22 01:42:06'),
(1049, 6, 261, '000069506', NULL, 1, '2019-01-22 01:42:06', '2019-01-22 01:42:06'),
(1050, 6, 262, '000067301', NULL, 1, '2019-01-22 01:42:06', '2019-01-22 01:42:06'),
(1051, 6, 263, '000066284', NULL, 1, '2019-01-22 01:42:06', '2019-01-22 01:42:06'),
(1052, 6, 264, '000069547', NULL, 1, '2019-01-22 01:42:06', '2019-01-22 01:42:06'),
(1053, 6, 265, '000067059', NULL, 1, '2019-01-22 01:42:06', '2019-01-22 01:42:06'),
(1054, 6, 266, '000060834', NULL, 1, '2019-01-22 01:42:06', '2019-01-22 01:42:06'),
(1055, 6, 267, '000065780', NULL, 1, '2019-01-22 01:42:06', '2019-01-22 01:42:06'),
(1056, 6, 268, '000068361', NULL, 1, '2019-01-22 01:42:06', '2019-01-22 01:42:06'),
(1057, 6, 269, '000062681', NULL, 1, '2019-01-22 01:42:06', '2019-01-22 01:42:06'),
(1058, 6, 270, '000065483', NULL, 1, '2019-01-22 01:42:06', '2019-01-22 01:42:06'),
(1059, 6, 271, '000060168', NULL, 1, '2019-01-22 01:42:06', '2019-01-22 01:42:06'),
(1060, 6, 272, '000065964', NULL, 1, '2019-01-22 01:42:06', '2019-01-22 01:42:06'),
(1061, 6, 273, '000069748', NULL, 1, '2019-01-22 01:42:06', '2019-01-22 01:42:06'),
(1062, 6, 274, '000068356', NULL, 1, '2019-01-22 01:42:06', '2019-01-22 01:42:06'),
(1063, 6, 275, '000069857', NULL, 1, '2019-01-22 01:42:06', '2019-01-22 01:42:06'),
(1064, 6, 276, '000069427', NULL, 1, '2019-01-22 01:42:06', '2019-01-22 01:42:06'),
(1065, 6, 277, '000061594', NULL, 1, '2019-01-22 01:42:06', '2019-01-22 01:42:06'),
(1066, 6, 278, '000065701', NULL, 1, '2019-01-22 01:42:06', '2019-01-22 01:42:06'),
(1067, 6, 279, '000068201', NULL, 1, '2019-01-22 01:42:06', '2019-01-22 01:42:06'),
(1068, 6, 280, '000068146', NULL, 1, '2019-01-22 01:42:06', '2019-01-22 01:42:06'),
(1069, 6, 281, '000061283', NULL, 1, '2019-01-22 01:42:06', '2019-01-22 01:42:06'),
(1070, 6, 282, '000064039', NULL, 1, '2019-01-22 01:42:06', '2019-01-22 01:42:06'),
(1071, 6, 283, '000069052', NULL, 1, '2019-01-22 01:42:06', '2019-01-22 01:42:06'),
(1072, 6, 284, '000062371', NULL, 1, '2019-01-22 01:42:06', '2019-01-22 01:42:06'),
(1073, 6, 285, '000060719', NULL, 1, '2019-01-22 01:42:06', '2019-01-22 01:42:06'),
(1074, 6, 286, '000066352', NULL, 1, '2019-01-22 01:42:06', '2019-01-22 01:42:06'),
(1075, 6, 287, '000060698', NULL, 1, '2019-01-22 01:42:06', '2019-01-22 01:42:06'),
(1076, 6, 288, '000068159', NULL, 1, '2019-01-22 01:42:06', '2019-01-22 01:42:06'),
(1077, 6, 289, '000062356', NULL, 1, '2019-01-22 01:42:06', '2019-01-22 01:42:06'),
(1078, 6, 290, '000064653', NULL, 1, '2019-01-22 01:42:06', '2019-01-22 01:42:06'),
(1079, 6, 291, '000066395', NULL, 1, '2019-01-22 01:42:06', '2019-01-22 01:42:06'),
(1080, 6, 292, '000062157', NULL, 1, '2019-01-22 01:42:06', '2019-01-22 01:42:06'),
(1081, 6, 293, '000064263', NULL, 1, '2019-01-22 01:42:06', '2019-01-22 01:42:06'),
(1082, 6, 294, '000065240', NULL, 1, '2019-01-22 01:42:06', '2019-01-22 01:42:06'),
(1083, 6, 295, '000060428', NULL, 1, '2019-01-22 01:42:06', '2019-01-22 01:42:06'),
(1084, 6, 296, '000064150', NULL, 1, '2019-01-22 01:42:06', '2019-01-22 01:42:06'),
(1085, 6, 297, '000068902', NULL, 1, '2019-01-22 01:42:06', '2019-01-22 01:42:06'),
(1086, 6, 298, '000065074', NULL, 1, '2019-01-22 01:42:06', '2019-01-22 01:42:06'),
(1087, 6, 299, '000066954', NULL, 1, '2019-01-22 01:42:06', '2019-01-22 01:42:06'),
(1088, 6, 300, '000064526', NULL, 1, '2019-01-22 01:42:06', '2019-01-22 01:42:06'),
(1089, 6, 301, '000068269', NULL, 1, '2019-01-22 01:42:06', '2019-01-22 01:42:06'),
(1090, 6, 302, '000062351', NULL, 1, '2019-01-22 01:42:06', '2019-01-22 01:42:06'),
(1091, 6, 303, '000063957', NULL, 1, '2019-01-22 01:42:06', '2019-01-22 01:42:06'),
(1092, 6, 304, '000061306', NULL, 1, '2019-01-22 01:42:06', '2019-01-22 01:42:06'),
(1093, 6, 305, '000062301', NULL, 1, '2019-01-22 01:42:06', '2019-01-22 01:42:06'),
(1094, 6, 306, '000067150', NULL, 1, '2019-01-22 01:42:06', '2019-01-22 01:42:06'),
(1095, 6, 307, '000063527', NULL, 1, '2019-01-22 01:42:06', '2019-01-22 01:42:06'),
(1096, 6, 308, '000063750', NULL, 1, '2019-01-22 01:42:06', '2019-01-22 01:42:06'),
(1097, 6, 309, '000065281', NULL, 1, '2019-01-22 01:42:06', '2019-01-22 01:42:06'),
(1098, 6, 310, '000061860', NULL, 1, '2019-01-22 01:42:06', '2019-01-22 01:42:06'),
(1099, 6, 311, '000069560', NULL, 1, '2019-01-22 01:42:06', '2019-01-22 01:42:06'),
(1100, 6, 312, '000061503', NULL, 1, '2019-01-22 01:42:06', '2019-01-22 01:42:06'),
(1101, 6, 313, '000064291', NULL, 1, '2019-01-22 01:42:06', '2019-01-22 01:42:06'),
(1102, 6, 314, '000069740', NULL, 1, '2019-01-22 01:42:06', '2019-01-22 01:42:06'),
(1103, 6, 315, '000069106', NULL, 1, '2019-01-22 01:42:06', '2019-01-22 01:42:06'),
(1104, 6, 316, '000061534', NULL, 1, '2019-01-22 01:42:06', '2019-01-22 01:42:06'),
(1105, 6, 317, '000069613', NULL, 1, '2019-01-22 01:42:06', '2019-01-22 01:42:06'),
(1106, 6, 318, '000066503', NULL, 1, '2019-01-22 01:42:06', '2019-01-22 01:42:06'),
(1107, 6, 319, '000061974', NULL, 1, '2019-01-22 01:42:06', '2019-01-22 01:42:06'),
(1108, 6, 320, '000064256', NULL, 1, '2019-01-22 01:42:06', '2019-01-22 01:42:06'),
(1109, 6, 321, '000067251', NULL, 1, '2019-01-22 01:42:06', '2019-01-22 01:42:06'),
(1110, 6, 322, '000064312', NULL, 1, '2019-01-22 01:42:06', '2019-01-22 01:42:06'),
(1111, 6, 323, '000067430', NULL, 1, '2019-01-22 01:42:06', '2019-01-22 01:42:06'),
(1112, 6, 324, '000064192', NULL, 1, '2019-01-22 01:42:06', '2019-01-22 01:42:06'),
(1113, 6, 325, '000069862', NULL, 1, '2019-01-22 01:42:06', '2019-01-22 01:42:06'),
(1114, 6, 326, '000062703', NULL, 1, '2019-01-22 01:42:06', '2019-01-22 01:42:06'),
(1115, 6, 327, '000060548', NULL, 1, '2019-01-22 01:42:06', '2019-01-22 01:42:06'),
(1116, 6, 328, '000064516', NULL, 1, '2019-01-22 01:42:06', '2019-01-22 01:42:06'),
(1117, 6, 329, '000067319', NULL, 1, '2019-01-22 01:42:06', '2019-01-22 01:42:06'),
(1118, 6, 330, '000060825', NULL, 1, '2019-01-22 01:42:06', '2019-01-22 01:42:06'),
(1119, 6, 331, '000060912', NULL, 1, '2019-01-22 01:42:06', '2019-01-22 01:42:06'),
(1120, 6, 332, '000062546', NULL, 1, '2019-01-22 01:42:06', '2019-01-22 01:42:06'),
(1121, 6, 333, '000066183', NULL, 1, '2019-01-22 01:42:06', '2019-01-22 01:42:06'),
(1122, 6, 334, '000068759', NULL, 1, '2019-01-22 01:42:06', '2019-01-22 01:42:06'),
(1123, 6, 335, '000069234', NULL, 1, '2019-01-22 01:42:06', '2019-01-22 01:42:06'),
(1124, 6, 336, '000069536', NULL, 1, '2019-01-22 01:42:06', '2019-01-22 01:42:06'),
(1125, 6, 337, '000065310', NULL, 1, '2019-01-22 01:42:06', '2019-01-22 01:42:06'),
(1126, 6, 338, '000063418', NULL, 1, '2019-01-22 01:42:06', '2019-01-22 01:42:06'),
(1127, 6, 339, '000068739', NULL, 1, '2019-01-22 01:42:06', '2019-01-22 01:42:06'),
(1128, 6, 340, '000068937', NULL, 1, '2019-01-22 01:42:06', '2019-01-22 01:42:06'),
(1129, 6, 341, '000065327', NULL, 1, '2019-01-22 01:42:06', '2019-01-22 01:42:06'),
(1130, 6, 342, '000067639', NULL, 1, '2019-01-22 01:42:06', '2019-01-22 01:42:06'),
(1131, 6, 343, '000061567', NULL, 1, '2019-01-22 01:42:06', '2019-01-22 01:42:06'),
(1132, 6, 344, '000062768', NULL, 1, '2019-01-22 01:42:06', '2019-01-22 01:42:06'),
(1133, 6, 345, '000063670', NULL, 1, '2019-01-22 01:42:06', '2019-01-22 01:42:06'),
(1134, 6, 346, '000066735', NULL, 1, '2019-01-22 01:42:06', '2019-01-22 01:42:06'),
(1135, 6, 347, '000068751', NULL, 1, '2019-01-22 01:42:06', '2019-01-22 01:42:06'),
(1136, 6, 348, '000061430', NULL, 1, '2019-01-22 01:42:06', '2019-01-22 01:42:06'),
(1137, 6, 349, '000061678', NULL, 1, '2019-01-22 01:42:06', '2019-01-22 01:42:06'),
(1138, 6, 350, '000062405', NULL, 1, '2019-01-22 01:42:06', '2019-01-22 01:42:06'),
(1139, 6, 351, '000068596', NULL, 1, '2019-01-22 01:42:06', '2019-01-22 01:42:06'),
(1140, 6, 352, '000069241', NULL, 1, '2019-01-22 01:42:06', '2019-01-22 01:42:06'),
(1141, 7, 353, '000072638', NULL, 1, '2019-01-23 19:35:45', '2019-01-23 19:35:45'),
(1142, 7, 354, '000077038', NULL, 1, '2019-01-23 19:35:45', '2019-01-23 19:35:45'),
(1143, 7, 355, '000078590', NULL, 1, '2019-01-23 19:35:45', '2019-01-23 19:35:45'),
(1144, 7, 356, '000072596', NULL, 1, '2019-01-23 19:35:45', '2019-01-23 19:35:45'),
(1145, 7, 357, '000078769', NULL, 1, '2019-01-23 19:35:45', '2019-01-23 19:35:45'),
(1146, 7, 358, '000075917', NULL, 1, '2019-01-23 19:35:45', '2019-01-23 19:35:45'),
(1147, 7, 359, '000076548', NULL, 1, '2019-01-23 19:35:45', '2019-01-23 19:35:45'),
(1148, 7, 360, '000074675', NULL, 1, '2019-01-23 19:35:45', '2019-01-23 19:35:45'),
(1149, 7, 361, '000077506', NULL, 1, '2019-01-23 19:35:45', '2019-01-23 19:35:45'),
(1150, 7, 362, '000071027', NULL, 1, '2019-01-23 19:35:45', '2019-01-23 19:35:45'),
(1151, 7, 363, '000071032', NULL, 1, '2019-01-23 19:35:45', '2019-01-23 19:35:45'),
(1152, 7, 364, '000078954', NULL, 1, '2019-01-23 19:35:45', '2019-01-23 19:35:45'),
(1153, 7, 365, '000074578', NULL, 1, '2019-01-23 19:35:45', '2019-01-23 19:35:45'),
(1154, 7, 366, '000079621', NULL, 1, '2019-01-23 19:35:45', '2019-01-23 19:35:45'),
(1155, 7, 367, '000070135', NULL, 1, '2019-01-23 19:35:45', '2019-01-23 19:35:45'),
(1156, 7, 368, '000074195', NULL, 1, '2019-01-23 19:35:45', '2019-01-23 19:35:45'),
(1157, 7, 369, '000071260', NULL, 1, '2019-01-23 19:35:45', '2019-01-23 19:35:45'),
(1158, 7, 370, '000079327', NULL, 1, '2019-01-23 19:35:45', '2019-01-23 19:35:45'),
(1159, 7, 371, '000079728', NULL, 1, '2019-01-23 19:35:45', '2019-01-23 19:35:45'),
(1160, 7, 372, '000077863', NULL, 1, '2019-01-23 19:35:45', '2019-01-23 19:35:45'),
(1161, 7, 373, '000079175', NULL, 1, '2019-01-23 19:35:45', '2019-01-23 19:35:45'),
(1162, 7, 374, '000074596', NULL, 1, '2019-01-23 19:35:45', '2019-01-23 19:35:45'),
(1163, 7, 375, '000075806', NULL, 1, '2019-01-23 19:35:45', '2019-01-23 19:35:45'),
(1164, 7, 376, '000075127', NULL, 1, '2019-01-23 19:35:45', '2019-01-23 19:35:45'),
(1165, 7, 377, '000074932', NULL, 1, '2019-01-23 19:35:45', '2019-01-23 19:35:45'),
(1166, 7, 378, '000070534', NULL, 1, '2019-01-23 19:35:45', '2019-01-23 19:35:45'),
(1167, 7, 379, '000070327', NULL, 1, '2019-01-23 19:35:45', '2019-01-23 19:35:45'),
(1168, 7, 380, '000070291', NULL, 1, '2019-01-23 19:35:45', '2019-01-23 19:35:45'),
(1169, 7, 381, '000075941', NULL, 1, '2019-01-23 19:35:45', '2019-01-23 19:35:45'),
(1170, 7, 382, '000078712', NULL, 1, '2019-01-23 19:35:45', '2019-01-23 19:35:45'),
(1171, 7, 383, '000073675', NULL, 1, '2019-01-23 19:35:45', '2019-01-23 19:35:45'),
(1172, 7, 384, '000079752', NULL, 1, '2019-01-23 19:35:45', '2019-01-23 19:35:45'),
(1173, 7, 385, '000074185', NULL, 1, '2019-01-23 19:35:45', '2019-01-23 19:35:45'),
(1174, 7, 386, '000072064', NULL, 1, '2019-01-23 19:35:45', '2019-01-23 19:35:45'),
(1175, 7, 387, '000075893', NULL, 1, '2019-01-23 19:35:45', '2019-01-23 19:35:45'),
(1176, 7, 388, '000070361', NULL, 1, '2019-01-23 19:35:45', '2019-01-23 19:35:45'),
(1177, 7, 389, '000074351', NULL, 1, '2019-01-23 19:35:45', '2019-01-23 19:35:45'),
(1178, 7, 390, '000070871', NULL, 1, '2019-01-23 19:35:45', '2019-01-23 19:35:45'),
(1179, 7, 391, '000076913', NULL, 1, '2019-01-23 19:35:45', '2019-01-23 19:35:45'),
(1180, 7, 392, '000070769', NULL, 1, '2019-01-23 19:35:45', '2019-01-23 19:35:45'),
(1181, 7, 393, '000079243', NULL, 1, '2019-01-23 19:35:45', '2019-01-23 19:35:45'),
(1182, 7, 394, '000077260', NULL, 1, '2019-01-23 19:35:45', '2019-01-23 19:35:45'),
(1183, 7, 395, '000078953', NULL, 1, '2019-01-23 19:35:45', '2019-01-23 19:35:45'),
(1184, 7, 396, '000074279', NULL, 1, '2019-01-23 19:35:45', '2019-01-23 19:35:45'),
(1185, 7, 397, '000073064', NULL, 1, '2019-01-23 19:35:45', '2019-01-23 19:35:45'),
(1186, 7, 398, '000075718', NULL, 1, '2019-01-23 19:35:45', '2019-01-23 19:35:45'),
(1187, 7, 399, '000078346', NULL, 1, '2019-01-23 19:35:45', '2019-01-23 19:35:45'),
(1188, 7, 400, '000073026', NULL, 1, '2019-01-23 19:35:45', '2019-01-23 19:35:45'),
(1189, 7, 401, '000071365', NULL, 1, '2019-01-23 19:35:45', '2019-01-23 19:35:45'),
(1190, 7, 402, '000073972', NULL, 1, '2019-01-23 19:35:45', '2019-01-23 19:35:45'),
(1191, 7, 403, '000071580', NULL, 1, '2019-01-23 19:35:45', '2019-01-23 19:35:45'),
(1192, 7, 404, '000076528', NULL, 1, '2019-01-23 19:35:45', '2019-01-23 19:35:45'),
(1193, 7, 405, '000079514', NULL, 1, '2019-01-23 19:35:45', '2019-01-23 19:35:45'),
(1194, 7, 406, '000072713', NULL, 1, '2019-01-23 19:35:45', '2019-01-23 19:35:45'),
(1195, 7, 407, '000074519', NULL, 1, '2019-01-23 19:35:45', '2019-01-23 19:35:45'),
(1196, 7, 408, '000072917', NULL, 1, '2019-01-23 19:35:45', '2019-01-23 19:35:45'),
(1197, 7, 409, '000079108', NULL, 1, '2019-01-23 19:35:45', '2019-01-23 19:35:45'),
(1198, 7, 410, '000075830', NULL, 1, '2019-01-23 19:35:45', '2019-01-23 19:35:45'),
(1199, 7, 411, '000076301', NULL, 1, '2019-01-23 19:35:45', '2019-01-23 19:35:45'),
(1200, 7, 412, '000076094', NULL, 1, '2019-01-23 19:35:45', '2019-01-23 19:35:45'),
(1201, 7, 413, '000073940', NULL, 1, '2019-01-23 19:35:45', '2019-01-23 19:35:45'),
(1202, 7, 414, '000073169', NULL, 1, '2019-01-23 19:35:45', '2019-01-23 19:35:45'),
(1203, 7, 415, '000078174', NULL, 1, '2019-01-23 19:35:45', '2019-01-23 19:35:45'),
(1204, 7, 416, '000074972', NULL, 1, '2019-01-23 19:35:45', '2019-01-23 19:35:45'),
(1205, 7, 417, '000076715', NULL, 1, '2019-01-23 19:35:45', '2019-01-23 19:35:45'),
(1206, 7, 418, '000077923', NULL, 1, '2019-01-23 19:35:45', '2019-01-23 19:35:45'),
(1207, 7, 419, '000070465', NULL, 1, '2019-01-23 19:35:45', '2019-01-23 19:35:45'),
(1208, 7, 420, '000074093', NULL, 1, '2019-01-23 19:35:45', '2019-01-23 19:35:45'),
(1209, 7, 421, '000077264', NULL, 1, '2019-01-23 19:35:45', '2019-01-23 19:35:45'),
(1210, 7, 422, '000075084', NULL, 1, '2019-01-23 19:35:45', '2019-01-23 19:35:45'),
(1211, 7, 423, '000078271', NULL, 1, '2019-01-23 19:35:45', '2019-01-23 19:35:45'),
(1212, 7, 424, '000072701', NULL, 1, '2019-01-23 19:35:45', '2019-01-23 19:35:45'),
(1213, 7, 425, '000079042', NULL, 1, '2019-01-23 19:35:45', '2019-01-23 19:35:45'),
(1214, 7, 426, '000070147', NULL, 1, '2019-01-23 19:35:45', '2019-01-23 19:35:45'),
(1215, 7, 427, '000076379', NULL, 1, '2019-01-23 19:35:45', '2019-01-23 19:35:45'),
(1216, 7, 428, '000073421', NULL, 1, '2019-01-23 19:35:45', '2019-01-23 19:35:45'),
(1217, 7, 429, '000078930', NULL, 1, '2019-01-23 19:35:45', '2019-01-23 19:35:45'),
(1218, 7, 430, '000077493', NULL, 1, '2019-01-23 19:35:45', '2019-01-23 19:35:45'),
(1219, 7, 431, '000070347', NULL, 1, '2019-01-23 19:35:45', '2019-01-23 19:35:45'),
(1220, 7, 432, '000075608', NULL, 1, '2019-01-23 19:35:45', '2019-01-23 19:35:45'),
(1221, 7, 433, '000070612', NULL, 1, '2019-01-23 19:35:45', '2019-01-23 19:35:45'),
(1222, 7, 434, '000075270', NULL, 1, '2019-01-23 19:35:45', '2019-01-23 19:35:45'),
(1223, 7, 435, '000070284', NULL, 1, '2019-01-23 19:35:45', '2019-01-23 19:35:45'),
(1224, 7, 436, '000077524', NULL, 1, '2019-01-23 19:35:45', '2019-01-23 19:35:45'),
(1225, 7, 437, '000072574', NULL, 1, '2019-01-23 19:35:45', '2019-01-23 19:35:45'),
(1226, 7, 438, '000071935', NULL, 1, '2019-01-23 19:35:45', '2019-01-23 19:35:45'),
(1227, 7, 439, '000071340', NULL, 1, '2019-01-23 19:35:45', '2019-01-23 19:35:45'),
(1228, 7, 440, '000073154', NULL, 1, '2019-01-23 19:35:45', '2019-01-23 19:35:45');

-- --------------------------------------------------------

--
-- Table structure for table `qrcodebarparcel`
--

CREATE TABLE `qrcodebarparcel` (
  `id` int(10) UNSIGNED NOT NULL,
  `parcelcode` varchar(20) COLLATE utf8_unicode_ci DEFAULT NULL,
  `trangthaiqrcodebarparcel` tinyint(1) DEFAULT '1' COMMENT '0: Disable; 1: Enable: 2: End',
  `created_at` date DEFAULT NULL,
  `updated_at` date DEFAULT NULL
) ENGINE=InnoDB DEFAULT CHARSET=utf8 COLLATE=utf8_unicode_ci ROW_FORMAT=DYNAMIC;

--
-- Dumping data for table `qrcodebarparcel`
--

INSERT INTO `qrcodebarparcel` (`id`, `parcelcode`, `trangthaiqrcodebarparcel`, `created_at`, `updated_at`) VALUES
(6, '00006', 1, '2019-01-22', '2019-01-22'),
(7, '00007', 1, '2019-01-24', '2019-01-24');

-- --------------------------------------------------------

--
-- Table structure for table `retailer`
--

CREATE TABLE `retailer` (
  `id` int(10) UNSIGNED NOT NULL,
  `name` varchar(150) COLLATE utf8mb4_unicode_ci NOT NULL,
  `taxcode` char(20) COLLATE utf8mb4_unicode_ci DEFAULT NULL,
  `user` varchar(150) COLLATE utf8mb4_unicode_ci DEFAULT NULL,
  `phone` char(50) COLLATE utf8mb4_unicode_ci DEFAULT NULL,
  `email` varchar(50) COLLATE utf8mb4_unicode_ci DEFAULT NULL,
  `province_id` int(10) UNSIGNED DEFAULT NULL,
  `district_id` int(10) UNSIGNED DEFAULT NULL,
  `town_id` int(10) UNSIGNED DEFAULT NULL,
  `address` varchar(150) COLLATE utf8mb4_unicode_ci DEFAULT NULL,
  `created_at` timestamp NULL DEFAULT NULL,
  `updated_at` timestamp NULL DEFAULT NULL
) ENGINE=InnoDB DEFAULT CHARSET=utf8mb4 COLLATE=utf8mb4_unicode_ci ROW_FORMAT=DYNAMIC;

-- --------------------------------------------------------

--
-- Table structure for table `town`
--

CREATE TABLE `town` (
  `id` int(10) UNSIGNED NOT NULL,
  `code` char(3) COLLATE utf8mb4_unicode_ci DEFAULT NULL,
  `name` varchar(100) COLLATE utf8mb4_unicode_ci NOT NULL,
  `name_abbreviation` varchar(100) COLLATE utf8mb4_unicode_ci DEFAULT NULL,
  `name_en` varchar(100) COLLATE utf8mb4_unicode_ci DEFAULT NULL,
  `town_level_id` tinyint(3) UNSIGNED DEFAULT NULL,
  `created_at` timestamp NULL DEFAULT NULL,
  `updated_at` timestamp NULL DEFAULT NULL
) ENGINE=InnoDB DEFAULT CHARSET=utf8mb4 COLLATE=utf8mb4_unicode_ci ROW_FORMAT=DYNAMIC;

-- --------------------------------------------------------

--
-- Table structure for table `town_level`
--

CREATE TABLE `town_level` (
  `id` tinyint(3) UNSIGNED NOT NULL,
  `code` char(50) COLLATE utf8mb4_unicode_ci DEFAULT NULL,
  `name` varchar(100) COLLATE utf8mb4_unicode_ci DEFAULT NULL,
  `created_at` timestamp NULL DEFAULT NULL,
  `updated_at` timestamp NULL DEFAULT NULL
) ENGINE=InnoDB DEFAULT CHARSET=utf8mb4 COLLATE=utf8mb4_unicode_ci ROW_FORMAT=DYNAMIC;

-- --------------------------------------------------------

--
-- Table structure for table `trangthaiqrcodebar`
--

CREATE TABLE `trangthaiqrcodebar` (
  `id` tinyint(3) UNSIGNED NOT NULL,
  `ma` char(50) COLLATE utf8mb4_unicode_ci DEFAULT NULL,
  `tentrangthai` varchar(150) COLLATE utf8mb4_unicode_ci NOT NULL,
  `created_at` timestamp NULL DEFAULT NULL,
  `updated_at` timestamp NULL DEFAULT NULL
) ENGINE=InnoDB DEFAULT CHARSET=utf8mb4 COLLATE=utf8mb4_unicode_ci ROW_FORMAT=DYNAMIC;

--
-- Dumping data for table `trangthaiqrcodebar`
--

INSERT INTO `trangthaiqrcodebar` (`id`, `ma`, `tentrangthai`, `created_at`, `updated_at`) VALUES
(1, 'KT', 'Khởi tạo', '2018-10-31 07:48:01', '2018-10-31 07:48:07'),
(2, 'ĐG', 'Đã được gán', '2018-10-31 07:48:25', '2018-10-31 07:48:27'),
(3, 'HH', 'Hư', '2018-10-31 07:48:42', '2018-10-31 07:48:45'),
(4, 'HeH', 'Hết hạn', '2018-10-31 07:53:45', '2018-10-31 07:53:47');

-- --------------------------------------------------------

--
-- Table structure for table `typegroupuser`
--

CREATE TABLE `typegroupuser` (
  `id` tinyint(3) UNSIGNED NOT NULL,
  `groupname` varchar(150) COLLATE utf8_unicode_ci DEFAULT NULL,
  `created_at` timestamp NULL DEFAULT NULL,
  `updated_at` timestamp NULL DEFAULT NULL
) ENGINE=InnoDB DEFAULT CHARSET=utf8 COLLATE=utf8_unicode_ci ROW_FORMAT=DYNAMIC;

--
-- Dumping data for table `typegroupuser`
--

INSERT INTO `typegroupuser` (`id`, `groupname`, `created_at`, `updated_at`) VALUES
(1, 'Administrator', '2018-11-30 13:26:11', '2018-11-30 13:26:15'),
(2, 'Manufacturer', '2018-11-30 13:26:31', '2018-11-30 13:26:34'),
(3, 'Distributor', '2018-11-30 13:26:49', '2018-11-30 13:26:51'),
(4, 'Retailer', '2018-11-30 13:27:04', '2018-11-30 13:27:06');

-- --------------------------------------------------------

--
-- Table structure for table `usergroup`
--

CREATE TABLE `usergroup` (
  `id` int(10) UNSIGNED NOT NULL,
  `user_id` int(10) UNSIGNED NOT NULL,
  `group_id` tinyint(3) UNSIGNED NOT NULL,
  `created_at` timestamp NULL DEFAULT NULL,
  `updated_at` timestamp NULL DEFAULT NULL
) ENGINE=InnoDB DEFAULT CHARSET=utf8mb4 COLLATE=utf8mb4_unicode_ci ROW_FORMAT=DYNAMIC;

-- --------------------------------------------------------

--
-- Table structure for table `users`
--

CREATE TABLE `users` (
  `id` int(10) UNSIGNED NOT NULL,
  `name` varchar(255) COLLATE utf8mb4_unicode_ci NOT NULL,
  `email` varchar(255) COLLATE utf8mb4_unicode_ci NOT NULL,
  `email_verified_at` timestamp NULL DEFAULT NULL,
  `password` varchar(255) COLLATE utf8mb4_unicode_ci NOT NULL,
  `avartar` varchar(255) COLLATE utf8mb4_unicode_ci NOT NULL,
  `tradeId` char(50) COLLATE utf8mb4_unicode_ci DEFAULT NULL,
  `typegroupuser_id` tinyint(3) UNSIGNED DEFAULT NULL,
  `userstatus_id` tinyint(3) UNSIGNED NOT NULL DEFAULT '1',
  `remember_token` varchar(100) COLLATE utf8mb4_unicode_ci DEFAULT NULL,
  `created_at` timestamp NULL DEFAULT NULL,
  `updated_at` timestamp NULL DEFAULT NULL
) ENGINE=InnoDB DEFAULT CHARSET=utf8mb4 COLLATE=utf8mb4_unicode_ci ROW_FORMAT=DYNAMIC;

--
-- Dumping data for table `users`
--

INSERT INTO `users` (`id`, `name`, `email`, `email_verified_at`, `password`, `avartar`, `tradeId`, `typegroupuser_id`, `userstatus_id`, `remember_token`, `created_at`, `updated_at`) VALUES
(1, 'Nàng Hai - Thanh Tùng', 'thanhtung@gmail.com', NULL, '$2y$10$2Nkhm3iASpqwXIxMhUla5.7yiRUOpdcg90GLAcDFJymvMOLLoilE6', '', '300318246', 2, 1, 'JBj7CViYpi81OpP5FcWMo0Upg8LxtntlWTURUsWF0JvEGTBFRhaYrKFpXDfI', '2018-11-30 06:48:03', '2018-11-30 06:48:03'),
(2, 'Co.op HCM', 'coophcm@gmail.com', NULL, '$2y$10$cJb4IPX4ZxSSjOzrziypkuoJ23DusjBfyEb1saIW7Q1LdiNaDtE3.', '', '700127684', 4, 1, '9rp29bBJJ1CB3m90NcYyERavHlA3taTNmotAK6zcFGxilxReBOBWSvKP9oZT', '2018-11-30 22:32:16', '2018-11-30 22:32:16');

-- --------------------------------------------------------

--
-- Table structure for table `userstatus`
--

CREATE TABLE `userstatus` (
  `id` tinyint(3) UNSIGNED NOT NULL,
  `name` varchar(150) DEFAULT NULL
) ENGINE=InnoDB DEFAULT CHARSET=utf8 ROW_FORMAT=DYNAMIC;

--
-- Dumping data for table `userstatus`
--

INSERT INTO `userstatus` (`id`, `name`) VALUES
(1, 'Enable'),
(2, 'Disable');

--
-- Indexes for dumped tables
--

--
-- Indexes for table `commodity`
--
ALTER TABLE `commodity`
  ADD PRIMARY KEY (`id`) USING BTREE;

--
-- Indexes for table `commodityparcel`
--
ALTER TABLE `commodityparcel`
  ADD PRIMARY KEY (`id`) USING BTREE;

--
-- Indexes for table `commodityparceldetail`
--
ALTER TABLE `commodityparceldetail`
  ADD PRIMARY KEY (`id`) USING BTREE,
  ADD KEY `commodityparceldetail_commodityparcelstatus_id_foreign` (`commodityparcelstatus_id`) USING BTREE;

--
-- Indexes for table `commodityparcelstatus`
--
ALTER TABLE `commodityparcelstatus`
  ADD PRIMARY KEY (`id`) USING BTREE;

--
-- Indexes for table `danhmucsanpham`
--
ALTER TABLE `danhmucsanpham`
  ADD PRIMARY KEY (`id`) USING BTREE;

--
-- Indexes for table `distributor`
--
ALTER TABLE `distributor`
  ADD PRIMARY KEY (`id`) USING BTREE,
  ADD UNIQUE KEY `distributor_email_unique` (`email`) USING BTREE,
  ADD KEY `distributor_province_id_foreign` (`province_id`) USING BTREE,
  ADD KEY `distributor_district_id_foreign` (`district_id`) USING BTREE,
  ADD KEY `distributor_town_id_foreign` (`town_id`) USING BTREE;

--
-- Indexes for table `district`
--
ALTER TABLE `district`
  ADD PRIMARY KEY (`id`) USING BTREE,
  ADD KEY `district_district_level_id_foreign` (`district_level_id`) USING BTREE;

--
-- Indexes for table `district_level`
--
ALTER TABLE `district_level`
  ADD PRIMARY KEY (`id`) USING BTREE;

--
-- Indexes for table `groups`
--
ALTER TABLE `groups`
  ADD PRIMARY KEY (`id`) USING BTREE,
  ADD UNIQUE KEY `groups_name_unique` (`name`) USING BTREE;

--
-- Indexes for table `manufacturer`
--
ALTER TABLE `manufacturer`
  ADD PRIMARY KEY (`id`) USING BTREE,
  ADD UNIQUE KEY `manufacturer_email_unique` (`email`) USING BTREE,
  ADD KEY `manufacturer_province_id_foreign` (`province_id`) USING BTREE,
  ADD KEY `manufacturer_district_id_foreign` (`district_id`) USING BTREE,
  ADD KEY `manufacturer_town_id_foreign` (`town_id`) USING BTREE;

--
-- Indexes for table `migrations`
--
ALTER TABLE `migrations`
  ADD PRIMARY KEY (`id`) USING BTREE;

--
-- Indexes for table `password_resets`
--
ALTER TABLE `password_resets`
  ADD KEY `password_resets_email_index` (`email`) USING BTREE;

--
-- Indexes for table `province`
--
ALTER TABLE `province`
  ADD PRIMARY KEY (`id`) USING BTREE,
  ADD KEY `province_province_level_id_foreign` (`province_level_id`) USING BTREE;

--
-- Indexes for table `province_level`
--
ALTER TABLE `province_level`
  ADD PRIMARY KEY (`id`) USING BTREE;

--
-- Indexes for table `qrcodebar`
--
ALTER TABLE `qrcodebar`
  ADD PRIMARY KEY (`id`) USING BTREE,
  ADD KEY `qrcodebar_danhmucsanpham_id_foreign` (`danhmucsanpham_id`) USING BTREE,
  ADD KEY `qrcodebar_trangthaiqrcodebar_id_foreign` (`trangthaiqrcodebar_id`) USING BTREE;

--
-- Indexes for table `qrcodebarparcel`
--
ALTER TABLE `qrcodebarparcel`
  ADD PRIMARY KEY (`id`) USING BTREE;

--
-- Indexes for table `retailer`
--
ALTER TABLE `retailer`
  ADD PRIMARY KEY (`id`) USING BTREE,
  ADD UNIQUE KEY `retailer_email_unique` (`email`) USING BTREE,
  ADD KEY `retailer_province_id_foreign` (`province_id`) USING BTREE,
  ADD KEY `retailer_district_id_foreign` (`district_id`) USING BTREE,
  ADD KEY `retailer_town_id_foreign` (`town_id`) USING BTREE;

--
-- Indexes for table `town`
--
ALTER TABLE `town`
  ADD PRIMARY KEY (`id`) USING BTREE,
  ADD KEY `town_town_level_id_foreign` (`town_level_id`) USING BTREE;

--
-- Indexes for table `town_level`
--
ALTER TABLE `town_level`
  ADD PRIMARY KEY (`id`) USING BTREE;

--
-- Indexes for table `trangthaiqrcodebar`
--
ALTER TABLE `trangthaiqrcodebar`
  ADD PRIMARY KEY (`id`) USING BTREE;

--
-- Indexes for table `typegroupuser`
--
ALTER TABLE `typegroupuser`
  ADD PRIMARY KEY (`id`) USING BTREE;

--
-- Indexes for table `usergroup`
--
ALTER TABLE `usergroup`
  ADD PRIMARY KEY (`id`) USING BTREE,
  ADD KEY `usergroup_user_id_foreign` (`user_id`) USING BTREE,
  ADD KEY `usergroup_group_id_foreign` (`group_id`) USING BTREE;

--
-- Indexes for table `users`
--
ALTER TABLE `users`
  ADD PRIMARY KEY (`id`) USING BTREE,
  ADD UNIQUE KEY `users_email_unique` (`email`) USING BTREE,
  ADD KEY `users_userstatus_id_foreign` (`userstatus_id`) USING BTREE;

--
-- Indexes for table `userstatus`
--
ALTER TABLE `userstatus`
  ADD PRIMARY KEY (`id`) USING BTREE;

--
-- AUTO_INCREMENT for dumped tables
--

--
-- AUTO_INCREMENT for table `commodity`
--
ALTER TABLE `commodity`
  MODIFY `id` int(10) UNSIGNED NOT NULL AUTO_INCREMENT;
--
-- AUTO_INCREMENT for table `commodityparcel`
--
ALTER TABLE `commodityparcel`
  MODIFY `id` bigint(20) UNSIGNED NOT NULL AUTO_INCREMENT, AUTO_INCREMENT=36;
--
-- AUTO_INCREMENT for table `commodityparceldetail`
--
ALTER TABLE `commodityparceldetail`
  MODIFY `id` bigint(20) UNSIGNED NOT NULL AUTO_INCREMENT, AUTO_INCREMENT=307;
--
-- AUTO_INCREMENT for table `commodityparcelstatus`
--
ALTER TABLE `commodityparcelstatus`
  MODIFY `id` tinyint(4) UNSIGNED NOT NULL AUTO_INCREMENT, AUTO_INCREMENT=5;
--
-- AUTO_INCREMENT for table `danhmucsanpham`
--
ALTER TABLE `danhmucsanpham`
  MODIFY `id` int(10) UNSIGNED NOT NULL AUTO_INCREMENT, AUTO_INCREMENT=3;
--
-- AUTO_INCREMENT for table `distributor`
--
ALTER TABLE `distributor`
  MODIFY `id` int(10) UNSIGNED ZEROFILL NOT NULL AUTO_INCREMENT, AUTO_INCREMENT=12;
--
-- AUTO_INCREMENT for table `district`
--
ALTER TABLE `district`
  MODIFY `id` int(10) UNSIGNED NOT NULL AUTO_INCREMENT;
--
-- AUTO_INCREMENT for table `district_level`
--
ALTER TABLE `district_level`
  MODIFY `id` tinyint(3) UNSIGNED NOT NULL AUTO_INCREMENT;
--
-- AUTO_INCREMENT for table `groups`
--
ALTER TABLE `groups`
  MODIFY `id` tinyint(3) UNSIGNED NOT NULL AUTO_INCREMENT;
--
-- AUTO_INCREMENT for table `manufacturer`
--
ALTER TABLE `manufacturer`
  MODIFY `id` int(10) UNSIGNED NOT NULL AUTO_INCREMENT;
--
-- AUTO_INCREMENT for table `migrations`
--
ALTER TABLE `migrations`
  MODIFY `id` int(10) UNSIGNED NOT NULL AUTO_INCREMENT, AUTO_INCREMENT=21;
--
-- AUTO_INCREMENT for table `province`
--
ALTER TABLE `province`
  MODIFY `id` int(10) UNSIGNED NOT NULL AUTO_INCREMENT, AUTO_INCREMENT=2;
--
-- AUTO_INCREMENT for table `province_level`
--
ALTER TABLE `province_level`
  MODIFY `id` tinyint(3) UNSIGNED NOT NULL AUTO_INCREMENT, AUTO_INCREMENT=3;
--
-- AUTO_INCREMENT for table `qrcodebar`
--
ALTER TABLE `qrcodebar`
  MODIFY `id` bigint(20) UNSIGNED NOT NULL AUTO_INCREMENT, AUTO_INCREMENT=1229;
--
-- AUTO_INCREMENT for table `qrcodebarparcel`
--
ALTER TABLE `qrcodebarparcel`
  MODIFY `id` int(10) UNSIGNED NOT NULL AUTO_INCREMENT, AUTO_INCREMENT=8;
--
-- AUTO_INCREMENT for table `retailer`
--
ALTER TABLE `retailer`
  MODIFY `id` int(10) UNSIGNED NOT NULL AUTO_INCREMENT;
--
-- AUTO_INCREMENT for table `town`
--
ALTER TABLE `town`
  MODIFY `id` int(10) UNSIGNED NOT NULL AUTO_INCREMENT;
--
-- AUTO_INCREMENT for table `town_level`
--
ALTER TABLE `town_level`
  MODIFY `id` tinyint(3) UNSIGNED NOT NULL AUTO_INCREMENT;
--
-- AUTO_INCREMENT for table `trangthaiqrcodebar`
--
ALTER TABLE `trangthaiqrcodebar`
  MODIFY `id` tinyint(3) UNSIGNED NOT NULL AUTO_INCREMENT, AUTO_INCREMENT=5;
--
-- AUTO_INCREMENT for table `typegroupuser`
--
ALTER TABLE `typegroupuser`
  MODIFY `id` tinyint(3) UNSIGNED NOT NULL AUTO_INCREMENT, AUTO_INCREMENT=5;
--
-- AUTO_INCREMENT for table `usergroup`
--
ALTER TABLE `usergroup`
  MODIFY `id` int(10) UNSIGNED NOT NULL AUTO_INCREMENT;
--
-- AUTO_INCREMENT for table `users`
--
ALTER TABLE `users`
  MODIFY `id` int(10) UNSIGNED NOT NULL AUTO_INCREMENT, AUTO_INCREMENT=3;
--
-- AUTO_INCREMENT for table `userstatus`
--
ALTER TABLE `userstatus`
  MODIFY `id` tinyint(3) UNSIGNED NOT NULL AUTO_INCREMENT, AUTO_INCREMENT=3;
--
-- Constraints for dumped tables
--

--
-- Constraints for table `commodityparceldetail`
--
ALTER TABLE `commodityparceldetail`
  ADD CONSTRAINT `commodityparceldetail_commodityparcelstatus_id_foreign` FOREIGN KEY (`commodityparcelstatus_id`) REFERENCES `commodityparcelstatus` (`id`);

--
-- Constraints for table `distributor`
--
ALTER TABLE `distributor`
  ADD CONSTRAINT `distributor_district_id_foreign` FOREIGN KEY (`district_id`) REFERENCES `district` (`id`),
  ADD CONSTRAINT `distributor_province_id_foreign` FOREIGN KEY (`province_id`) REFERENCES `province` (`id`),
  ADD CONSTRAINT `distributor_town_id_foreign` FOREIGN KEY (`town_id`) REFERENCES `town` (`id`);

--
-- Constraints for table `district`
--
ALTER TABLE `district`
  ADD CONSTRAINT `district_district_level_id_foreign` FOREIGN KEY (`district_level_id`) REFERENCES `district_level` (`id`);

--
-- Constraints for table `manufacturer`
--
ALTER TABLE `manufacturer`
  ADD CONSTRAINT `manufacturer_district_id_foreign` FOREIGN KEY (`district_id`) REFERENCES `district` (`id`),
  ADD CONSTRAINT `manufacturer_province_id_foreign` FOREIGN KEY (`province_id`) REFERENCES `province` (`id`),
  ADD CONSTRAINT `manufacturer_town_id_foreign` FOREIGN KEY (`town_id`) REFERENCES `town` (`id`);

--
-- Constraints for table `province`
--
ALTER TABLE `province`
  ADD CONSTRAINT `province_province_level_id_foreign` FOREIGN KEY (`province_level_id`) REFERENCES `province_level` (`id`);

--
-- Constraints for table `qrcodebar`
--
ALTER TABLE `qrcodebar`
  ADD CONSTRAINT `qrcodebar_danhmucsanpham_id_foreign` FOREIGN KEY (`danhmucsanpham_id`) REFERENCES `danhmucsanpham` (`id`),
  ADD CONSTRAINT `qrcodebar_trangthaiqrcodebar_id_foreign` FOREIGN KEY (`trangthaiqrcodebar_id`) REFERENCES `trangthaiqrcodebar` (`id`);

--
-- Constraints for table `retailer`
--
ALTER TABLE `retailer`
  ADD CONSTRAINT `retailer_district_id_foreign` FOREIGN KEY (`district_id`) REFERENCES `district` (`id`),
  ADD CONSTRAINT `retailer_province_id_foreign` FOREIGN KEY (`province_id`) REFERENCES `province` (`id`),
  ADD CONSTRAINT `retailer_town_id_foreign` FOREIGN KEY (`town_id`) REFERENCES `town` (`id`);

--
-- Constraints for table `town`
--
ALTER TABLE `town`
  ADD CONSTRAINT `town_town_level_id_foreign` FOREIGN KEY (`town_level_id`) REFERENCES `town_level` (`id`);

--
-- Constraints for table `usergroup`
--
ALTER TABLE `usergroup`
  ADD CONSTRAINT `usergroup_group_id_foreign` FOREIGN KEY (`group_id`) REFERENCES `groups` (`id`),
  ADD CONSTRAINT `usergroup_user_id_foreign` FOREIGN KEY (`user_id`) REFERENCES `users` (`id`);

--
-- Constraints for table `users`
--
ALTER TABLE `users`
  ADD CONSTRAINT `users_userstatus_id_foreign` FOREIGN KEY (`userstatus_id`) REFERENCES `userstatus` (`id`);

/*!40101 SET CHARACTER_SET_CLIENT=@OLD_CHARACTER_SET_CLIENT */;
/*!40101 SET CHARACTER_SET_RESULTS=@OLD_CHARACTER_SET_RESULTS */;
/*!40101 SET COLLATION_CONNECTION=@OLD_COLLATION_CONNECTION */;
